AAA;SDSI;DDWM;FXU;LVOL;SCHD;XMHQ
ADFI;SEIX;DECT;FXZ;MAGA;SCHE;XMLV
AEMB;SFIG;DECW;FYC;MAGQ;SCHF;XMMO
AFIF;SGOV;DECZ;FYLD;MAGS;SCHG;XMVM
AGG;SHAG;DEEF;FYLG;MAGX;SCHH;XNAV
AGGH;SHM;DEEP;FYT;MAKX;SCHK;XNOV
AGGY;SHV;DEHP;FYX;MART;SCHM;XNTK
AGIH;SHY;DEM;GABF;MARW;SCHV;XOCT
AGRH;SHYD;DEMZ;GAMR;MARZ;SCHX;XOMO
AGZ;SHYG;DES;GAPR;MAYT;SCHY;XOP
AGZD;SHYL;DESK;GAST;MAYW;SCJ;XPH
AHYB;SIFI;DEUS;GAUG;MAYZ;SCLZ;XPND
ANGL;SIHY;DEW;GBLD;MBCC;SCZ;XPP
AOHY;SIO;DFAC;GBUY;MBOX;SDD;XRLV
APCB;SJB;DFAE;GCAD;MCH;SDEM;XRMI
APMU;SJNK;DFAI;GCLN;MCHI;SDG;XRT
ARCM;SKOR;DFAR;GCOW;MCHS;SDIV;XSD
AVIG;SLQD;DFAS;GDEC;MCSE;SDOG;XSEP
AVMU;SMB;DFAT;GDEF;MDCP;SDOW;XSHD
AVSF;SMI;DFAU;GDIV;MDEV;SDP;XSHQ
BAB;SMMU;DFAW;GDOC;MDLV;SDS;XSLV
BAMB;SMTH;DFAX;GDVD;MDPL;SDVD;XSMO
BAMU;SOF;DFE;GDX;MDY;SDVY;XSOE
BBAG;SPAB;DFEB;GDXJ;MDYG;SDY;XSVM
BBBI;SPBO;DFEM;GEM;MDYV;SEA;XSW
BBBL;SPFF;DFEN;GERM;MEDI;SECT;XT
BBBS;SPHY;DFEV;GFEB;MEDX;SEF;XTAP
BBCB;SPIB;DFGR;GFGF;MEM;SEIM;XTJA
BBHY;SPIP;DFIC;GFOF;MEMS;SEIQ;XTJL
BBIB;SPLB;DFIS;GGLL;MEMX;SEIV;XTL
BBIP;SPMB;DFIV;GGLS;METV;SELV;XTN
BBLB;SPSB;DFJ;GGM;MEXX;SEMI;XTOC
BBSA;SPSK;DFLV;GGME;MFDX;SEPT;XTR
BBSB;SPTI;DFND;GGRW;MFEM;SEPW;XUSP
BEMB;SPTL;DFNL;GGUS;MFUS;SEPZ;XVOL
BFIX;SPTS;DFNV;GHEE;MGC;SETM;XVV
BGRN;SPXB;DFRA;GII;MGK;SFEB;XXCH
BHYB;SRLN;DFSE;GINN;MGMT;SFLO;XYLD
BIL;SSFI;DFSI;GINX;MGNR;SFLR;XYLE
BILS;STAX;DFSU;GJAN;MGV;SFY;XYLG
BILZ;STIP;DFSV;GJUL;MID;SFYF;YALL
BINC;STOT;DFUS;GJUN;MIDE;SFYX;YANG
BIV;STPZ;DFUV;GK;MIDU;SGDJ;YDEC
BKAG;STXT;DFVE;GLIF;MILN;SGDM;YINN
BKHY;SUB;DFVX;GLIN;MINV;SGLC;YJUN
BKLN;SUSB;DGIN;GLOF;MISL;SH;YLDE
BKUI;SUSC;DGRE;GLOV;MJ;SHDG;YMAG
BLV;TAFI;DGRO;GLRY;MJUS;SHE;YMAR
BND;TAFL;DGRS;GMAR;MKOR;SHLD;YMAX
BNDC;TAFM;DGRW;GMAY;MLPA;SHOC;YOLO
BNDD;TAGG;DGS;GMET;MLPX;SHPP;YPS
BNDI;TAXF;DGT;GMF;MMLG;SHRT;YSEP
BNDW;TAXX;DHS;GNOM;MMSC;SHRY;YUMY
BNDX;TBF;DIA;GNOV;MMTM;SHUS;YXI
BOND;TBIL;DIEM;GNR;MNTL;SIJ;ZALT
BOXX;TBJL;DIG;GOAU;MOAT;SIL;ZECP
BRLN;TBLL;DIHP;GOCT;MODL;SILJ;ZIG
BRTR;TBT;DIM;GOEX;MOHR;SIMS;AETH
BSCO;TBUX;DINT;GOOP;MOO;SIXA;ARKA
BSCP;TBX;DIP;GOOX;MOON;SIXF;ARKB
BSCQ;TDTF;DISO;GOOY;MORT;SIXH;ARKC
BSCR;TDTT;DISV;GPIQ;MOTE;SIXJ;ARKY
BSCS;TFI;DIV;GPIX;MOTG;SIXL;ARKZ
BSCT;TFJL;DIVB;GPOW;MOTI;SIXO;BETE
BSCU;TFLO;DIVD;GQI;MOTO;SIXP;BETH
BSCV;TFLR;DIVG;GQRE;MRAD;SIXS;BITB
BSCW;THYF;DIVI;GREI;MRCP;SIZE;BITC
BSCX;TIP;DIVL;GREK;MRNY;SKF;BITI
BSJO;TIPX;DIVO;GRID;MSFD;SKRE;BITO
BSJP;TIPZ;DIVP;GRPM;MSFO;SKYU;BITX
BSJQ;TLH;DIVS;GSC;MSFU;SKYY;BRRR
BSJR;TLT;DIVY;GSEE;MSFX;SLVP;BTCO
BSJS;TLTW;DIVZ;GSEP;MSFY;SLX;BTCW
BSJT;TMF;DJAN;GSEU;MSOS;SLYG;BTF
BSJU;TMV;DJD;GSEW;MSOX;SLYV;BTFX
BSJV;TOTL;DJIA;GSFP;MSSS;SMAY;BTOP
BSMO;TOTR;DJUL;GSIB;MSTB;SMCF;CEW
BSMP;TRES;DJUN;GSID;MSTQ;SMCO;DEFI
BSMQ;TSEC;DKRB;GSIE;MSTY;SMCP;EETH
BSMR;TTT;DLN;GSJY;MSVX;SMDD;EFUT
BSMS;TUA;DLS;GSLC;MTUM;SMDV;EUO
BSMT;TUSI;DMAR;GSPY;MUSQ;SMDY;EZBC
BSMU;TYD;DMAT;GSSC;MVPA;SMH;FBTC
BSMV;TYLD;DMAY;GSUS;MVPL;SMIG;FXA
BSMW;TYO;DMCY;GTEK;MVPS;SMIN;FXB
BSSX;UBND;DMDV;GTR;MVV;SMIZ;FXC
BSV;UBT;DMXF;GUNR;MXI;SMLE;FXE
BUCK;UCON;DNL;GURU;MYLD;SMLF;FXF
BUXX;UCRD;DNOV;GUSA;MYY;SMLV;FXY
BWX;UFIV;DOCT;GUSH;MZZ;SMMD;GBTC
BWZ;UITB;DOG;GVAL;NACP;SMMV;HODL
BYLD;UJB;DOGG;GVIP;NAIL;SMN;IBIT
CA;ULST;DOL;GVLU;NANC;SMOG;MAXI
CAAA;ULTR;DON;GVUS;NANR;SMOT;SETH
CALY;UNIY;DPST;GWX;NAPR;SMRI;UDN
CARY;USBF;DRIP;GXC;NBCC;SNAV;ULE
CBON;USDX;DRIV;GXG;NBCE;SNOV;USDU
CDX;USFI;DRLL;GXTG;NBCT;SNPD;UUP
CEMB;USFR;DRN;GXUS;NBDS;SNPE;YBTC
CGCB;USHY;DRUP;HACK;NBGR;SNPG;YCL
CGCP;USIG;DRV;HAIL;NBOS;SNPV;YCS
CGMS;UST;DSEP;HAP;NDIA;SNSR;AAAU
CGMU;USTB;DSI;HAPI;NDIV;SOCL;AGQ
CGSD;USVN;DSMC;HAPS;NDJI;SOLR;ALUM
CGSM;UTEN;DSTL;HAPY;NDVG;SOVF;AMPD
CHAI;UTHY;DSTX;HART;NERD;SOXL;BAR
CLIP;UTRE;DTD;HAUS;NETL;SOXQ;BCD
CLOA;UTWO;DTEC;HAUZ;NETZ;SOXS;BCI
CLOI;UTWY;DTH;HAWX;NFLP;SOXX;BCIM
CLOX;UYLD;DTRE;HCMT;NFLY;SPAM;BDRY
CLOZ;VABS;DUBS;HCOW;NFRA;SPAQ;BGLD
CMBS;VBND;DUG;HDAW;NFTY;SPAX;BNO
CMF;VCEB;DUHP;HDEF;NGE;SPC;BOIL
CORP;VCIT;DURA;HDGE;NIKL;SPCX;BWET
CPII;VCLT;DUSA;HDMV;NJAN;SPCZ;CANE
CPLS;VCRB;DUSL;HDRO;NJUL;SPD;CCRV
CRDT;VCSH;DUST;HDUS;NLR;SPDG;CMCI
CSHI;VEMY;DVAL;HDV;NOBL;SPDN;CMDT
CVRT;VETZ;DVDN;HEAT;NOCT;SPDV;CMDY
CVSB;VGIT;DVLU;HEDJ;NORW;SPDW;COM
CWB;VGLT;DVND;HEEM;NOVZ;SPEM;COMB
DBND;VGSH;DVOL;HEFA;NRES;SPEU;COMT
DCRE;VMBS;DVY;HEGD;NRSH;SPGM;CORN
DEED;VNLA;DVYA;HELO;NSCR;SPGP;CPER
DFCA;VPLS;DVYE;HELX;NSCS;SPHB;DBA
DFCF;VRIG;DWAS;HEQT;NSI;SPHD;DBB
DFGP;VRP;DWAW;HERD;NSPI;SPHQ;DBC
DFGX;VSHY;DWCR;HERO;NTKI;SPLG;DBE
DFHY;VTC;DWLD;HEWG;NTZG;SPLV;DBO
DFIP;VTEB;DWM;HEWJ;NUDM;SPMD;DBP
DFNM;VTEC;DWMF;HEZU;NUDV;SPMO;DCMT
DFSB;VTEI;DWSH;HFGO;NUEM;SPMV;EVMT
DFSD;VTES;DWUS;HFXI;NUGO;SPQ;FGDL
DGCB;VTIP;DWX;HIBL;NUGT;SPRE;FTGC
DIAL;VUSB;DXD;HIBS;NUKZ;SPRX;GCC
DMBS;VWOB;DXJ;HIDV;NULC;SPSM;GLD
DUSB;WABF;DXJS;HJAN;NULG;SPTE;GLDM
DYFI;WBND;DYLG;HJEN;NULV;SPTM;GLL
DYLD;WFHY;DYNF;HKND;NUMG;SPUC;GLTR
EAGG;WFIG;DYNI;HLAL;NUMV;SPUS;GSG
EBND;WINC;DYTA;HLGE;NURE;SPUU;HARD
EDV;WIP;EALT;HOCT;NUSC;SPVM;HCOM
EFIX;WTBN;EAPR;HOMZ;NUSI;SPVU;HGER
ELD;XB;EASG;HQGO;NVBT;SPWO;IAU
ELQD;XBB;EATV;HRTS;NVBW;SPXE;IAUF
EMB;XBIL;EATZ;HSCZ;NVD;SPXL;IAUM
EMBD;XCCC;EBIZ;HSMV;NVDD;SPXN;IGLD
EMCB;XEMD;EBLU;HTEC;NVDL;SPXS;KARB
EMHC;XFIV;ECH;HTUS;NVDQ;SPXT;KCCA
EMHY;XFIX;ECLN;HUSV;NVDS;SPXU;KEUA
EMLC;XFLX;ECML;HYDR;NVDU;SPXV;KMET
EMNT;XHLF;ECNS;HYLG;NVDX;SPY;KOLD
EMTL;XHYC;ECON;IAI;NVDY;SPYC;KRBN
EPRF;XHYD;ECOW;IAK;NVIR;SPYD;KSET
ESCR;XHYE;EDC;IAPR;NWLG;SPYG;NBCM
ESEB;XHYF;EDEN;IAT;NXTE;SPYI;OILK
ESGB;XHYH;EDIV;IBB;NXTG;SPYT;OUNZ
ESHY;XHYI;EDOC;IBBQ;NZAC;SPYV;PALL
EUSB;XHYT;EDOG;IBLC;NZUS;SPYX;PDBA
EVHY;XMPT;EDOW;IBOT;OAEM;SQEW;PDBC
EVIM;XONE;EDZ;IBRN;OAIM;SQLV;PHYS
EVLN;XSVN;EELV;IBUY;OALC;SQQQ;PIT
EVSB;XTEN;EEM;ICAP;OARK;SQY;PLTM
EYEG;XTRE;EEMA;ICF;OBOR;SRET;PPLT
FALN;XTWO;EEMD;ICLN;OCEN;SRHQ;RENW
FBND;XTWY;EEMO;ICOP;OCTD;SRHR;SCO
FCAL;YEAR;EEMS;ICOW;OCTH;SROI;SDCI
FCOR;ZROZ;EEMV;IDAT;OCTJ;SRS;SGOL
FCSH;ZTAX;EEMX;IDEC;OCTQ;SRTY;SIVR
FCVT;ZTEN;EES;IDEV;OCTT;SRVR;SLV
FDHY;ZTRE;EET;IDGT;OCTW;SSG;SOYB
FDTB;ZTWO;EEV;IDHQ;OCTZ;SSLY;TAGS
FEIG;AADR;EFA;IDLV;ODDS;SSO;TILL
FEMB;AAPB;EFAD;IDMO;OEF;SSPX;TMET
FFIU;AAPD;EFAS;IDNA;OEUR;SSPY;UCO
FHYS;AAPU;EFAV;IDOG;OFOS;SSUS;UGA
FIBR;AAPX;EFAX;IDRV;OGIG;SSXU;UGL
FIGB;AAPY;EFG;IDU;OIH;STCE;UNG
FIIG;AAXJ;EFIV;IDUB;OILT;STLG;UNL
FISR;ABCS;EFNL;IDV;OMFL;STNC;USCI
FIXD;ABEQ;EFO;IDVO;OMFS;STRV;USG
FLBL;ACES;EFRA;IDX;OND;STXD;USL
FLCB;ACIO;EFU;IEDI;ONEO;STXE;USO
FLCO;ACSI;EFV;IEFA;ONEQ;STXG;WEAT
FLDB;ACTV;EFZ;IEMG;ONEV;STXK;ZSB
FLDR;ACVF;EGPT;IEO;ONEY;STXV;ZSC
FLGV;ACWI;EGUS;IETC;ONLN;SUPL;ZSL
FLHY;ACWV;EIDO;IEUR;OOTO;SUPP;AGOX
FLIA;ACWX;EINC;IEUS;OSCV;SURE;AHLT
FLMB;ADIV;EIPX;IEV;OSEA;SUSA;ALTY
FLMI;ADME;EIRL;IEZ;OUSA;SUSL;AMAX
FLOT;ADPV;EIS;IFEB;OUSM;SVAL;AOA
FLRN;ADVE;EJAN;IFGL;OVF;SXQG;AOK
FLRT;AESR;EJUL;IFRA;OVL;SXUS;AOM
FLTB;AFK;EKG;IFV;OVLH;SYII;AOR
FLTN;AFLG;EMC;IGE;OVS;SYLD;ARKD
FLTR;AFMC;EMCC;IGF;PABD;SYNB;ASET
FLUD;AFSM;EMCR;IGM;PABU;SYUS;AVMA
FMB;AFTY;EMDM;IGPT;PALC;SZK;BAMA
FMHI;AGNG;EMDV;IGRO;PAMC;SZNE;BAMO
FMNY;AGQI;EMFM;IGTR;PAPI;TAN;BAMY
FPE;AHOY;EMFQ;IGV;PAPR;TARK;BITS
FPEI;AIA;EMGF;IHAK;PAUG;TBG;BSR
FPFD;AIEQ;EMIF;IHDG;PAVE;TCAF;BTR
FSBD;AIQ;EMLP;IHE;PAWZ;TCHI;CANQ
FSEC;AIRL;EMM;IHF;PBD;TCHP;CAOS
FSIG;AIRR;EMMF;IHI;PBDC;TDI;CCEF
FSLD;AIVI;EMQQ;IJAN;PBE;TDIV;CEFS
FSMB;AIVL;EMSF;IJH;PBFB;TDV;CETF
FSYD;AIYY;EMSG;IJJ;PBJ;TDVG;CGBL
FTBD;AJAN;EMTY;IJK;PBJA;TDVI;CLSM
FTCB;ALTL;EMXC;IJR;PBMR;TECB;CVY
FTRB;AMDS;EMXF;IJS;PBP;TECL;CYA
FTSD;AMDY;ENFR;IJT;PBUS;TECS;DALI
FTSL;AMID;ENOR;IJUL;PBW;TEMP;DRSK
FTSM;AMLP;ENTR;ILCB;PCCE;TEQI;DSCF
FUMB;AMOM;ENZL;ILCG;PCGG;TGLR;DWAT
FUSI;AMZA;EOCT;ILCV;PCIG;TGRT;EAOA
FXED;AMZD;EPHE;ILDR;PDEC;TGRW;EAOK
GBF;AMZP;EPI;ILF;PDN;THD;EAOM
GBIL;AMZU;EPOL;ILIT;PDP;THLV;EAOR
GCOR;AMZY;EPP;IMAR;PEJ;THNQ;FAIL
GEMD;ANEW;EPS;IMCB;PEMX;TILT;FCEF
GHMS;AOTG;EPU;IMCG;PEX;TIME;FDAT
GHYB;APIE;EPV;IMCV;PEXL;TINT;FIG
GHYG;APLY;EQAL;IMFL;PEY;TINY;FORH
GIGB;APRD;EQL;IMOM;PEZ;TJUL;GAA
GMUN;APRH;EQRR;IMTM;PFEB;TLTD;GAL
GNMA;APRJ;EQTY;INAV;PFI;TLTE;GDE
GOVI;APRQ;EQUL;INCO;PFM;TMAT;GDMA
GOVT;APRT;EQWL;INDA;PFUT;TMDV;GDMN
GOVZ;APRW;ERET;INDE;PGJ;TMFC;GHTA
GRNB;APRZ;ERSX;INDF;PGRO;TMFE;GMOM
GSIG;APUE;ERTH;INDL;PHDG;TMFG;GOLY
GSST;AQWA;ERX;INDS;PHEQ;TMFM;GYLD
GSY;ARGT;ERY;INDY;PHO;TMFS;HIDE
GTIP;ARKF;ESG;INFL;PICK;TMFX;HIPS
GTO;ARKG;ESGA;INFR;PID;TMSL;HNDL
GVI;ARKK;ESGD;INNO;PIE;TNA;HYIN
HCRB;ARKQ;ESGE;INOV;PILL;TOK;INC
HIGH;ARKW;ESGG;INQQ;PIN;TOKE;INCM
HISF;ARKX;ESGN;INTF;PINK;TOLL;INKM
HIYS;ARVR;ESGS;INTL;PIO;TOLZ;IRBA
HMOP;ASEA;ESGU;IOCT;PIZ;TOUS;IRTR
HSRT;ASHR;ESGV;ION;PJAN;TPHD;ISWN
HSUN;ASHS;ESGY;IOO;PJBF;TPHE;ITDA
HTAB;ASHX;ESIX;IOPP;PJFG;TPIF;ITDB
HTRB;ASIA;ESML;IPAC;PJFM;TPLC;ITDC
HYBB;ATFV;ESMV;IPAY;PJFV;TPLE;ITDD
HYBL;AUGT;ESPO;IPDP;PJIO;TPOR;ITDE
HYD;AUGW;ETEC;IPKW;PJP;TPSC;ITDF
HYDB;AUGZ;ETHO;IPO;PJUL;TPYP;ITDG
HYDW;AUMI;EUDG;IPOS;PJUN;TQQQ;ITDH
HYEM;AUSF;EUDV;IQDE;PKB;TRFK;ITDI
HYFI;AVDE;EUFN;IQDF;PKW;TRFM;IWIN
HYG;AVDS;EUM;IQDG;PLDR;TRND;IYLD
HYGH;AVDV;EURL;IQDY;PMAR;TSDD;KNOW
HYGI;AVEE;EUSA;IQIN;PMAY;TSL;LCR
HYGV;AVEM;EUSC;IQLT;PNOV;TSLH;LEXI
HYGW;AVES;EV;IQM;PNQI;TSLL;MAMB
HYHG;AVGE;EVAV;IQRA;POCT;TSLP;MAPP
HYLB;AVGV;EVUS;IQSI;POWA;TSLQ;MDIV
HYLS;AVIE;EVX;IQSM;PP;TSLR;MFUL
HYMB;AVIV;EVXX;IQSU;PPA;TSLS;MKAM
HYMU;AVLC;EWA;IRBO;PPEM;TSLT;MOOD
HYRM;AVLV;EWC;IRET;PPH;TSLY;MPAY
HYS;AVMC;EWD;ISCB;PPIE;TSLZ;MPRO
HYSA;AVMV;EWG;ISCF;PPTY;TSME;MRSK
HYTR;AVNM;EWH;ISCG;PRAY;TSPA;MSMR
HYUP;AVNV;EWI;ISCV;PRF;TTAC;MVFD
HYXF;AVRE;EWJ;ISEP;PRFZ;TTAI;MVFG
HYXU;AVSC;EWJV;ISHP;PRN;TUR;NTSE
HYZD;AVSD;EWK;ISMD;PRNT;TVAL;NTSI
IAGG;AVSE;EWL;ISPY;PSC;TWM;NTSX
IBD;AVSU;EWM;ISRA;PSCC;TXS;OCIO
IBDO;AVUS;EWN;ISVL;PSCD;TXSS;ONOF
IBDP;AVUV;EWO;ISZE;PSCE;TYLG;PBL
IBDQ;AWAY;EWP;ITA;PSCF;TZA;PCEF
IBDR;AWEG;EWQ;ITAN;PSCH;UAE;PPI
IBDS;AZTD;EWS;ITB;PSCI;UAPR;PRAE
IBDT;BABX;EWT;ITEQ;PSCJ;UAUG;PWS
IBDU;BALI;EWU;ITOT;PSCM;UBOT;QDPL
IBDV;BALT;EWUS;IUS;PSCQ;UBR;QPX
IBDW;BAMD;EWV;IUSG;PSCT;UCC;QSWN
IBDX;BAMG;EWW;IUSV;PSCU;UCYB;QVOY
IBDY;BAMV;EWX;IVAL;PSCW;UDEC;RAAX
IBHD;BAPR;EWY;IVE;PSCX;UDI;RHTX
IBHE;BATT;EWZ;IVEG;PSEP;UDIV;RISN
IBHF;BAUG;EWZS;IVES;PSET;UDOW;ROMO
IBHG;BBAX;EXI;IVLU;PSFD;UEVM;RORO
IBHH;BBC;EYLD;IVOG;PSFF;UFEB;RSSB
IBHI;BBCA;EZA;IVOO;PSFJ;UFO;RULE
IBHJ;BBEM;EZJ;IVOV;PSFM;UGE;SPBC
IBIA;BBEU;EZM;IVRA;PSFO;UIVM;SURI
IBIB;BBH;EZU;IVRS;PSI;UJAN;SWAN
IBIC;BBIN;FAB;IVV;PSIL;UJUL;TACK
IBID;BBJP;FAD;IVVB;PSL;UJUN;TAIL
IBIE;BBLU;FAN;IVVM;PSMD;ULTY;TBFC
IBIF;BBMC;FAPR;IVW;PSMJ;ULVM;TBFG
IBIG;BBP;FAS;IWB;PSMO;UMAR;TDSB
IBIH;BBRE;FAUG;IWC;PSMR;UMAY;TDSC
IBII;BBSC;FAZ;IWD;PSP;UMDD;TFPN
IBIJ;BBUS;FBCG;IWF;PSQ;UMI;THY
IBMM;BCDF;FBCV;IWFG;PSR;UMMA;TRTY
IBMN;BCHP;FBL;IWFH;PSTP;UNOV;TUG
IBMO;BCUS;FBOT;IWL;PSWD;UOCT;TUGN
IBMP;BDEC;FBT;IWLG;PTEC;UPGR;TWIO
IBMQ;BDGS;FBY;IWM;PTEU;UPRO;VEGA
IBMR;BDVG;FBZ;IWMY;PTF;UPV;VPC
IBND;BECO;FCA;IWN;PTH;UPW;VWI
IBTE;BEDZ;FCFY;IWO;PTIN;URA;WLTG
IBTF;BEEZ;FCG;IWP;PTLC;URE;XRLX
IBTG;BETZ;FCLD;IWR;PTMC;URNJ;YLD
IBTH;BFEB;FCOM;IWS;PTNQ;URNM;YYY
IBTI;BFOR;FCPI;IWTR;PUI;URTH;ZHDG
IBTJ;BGIG;FCTR;IWV;PUTD;URTY;ZZZ
IBTK;BIB;FCUS;IWX;PUTW;USAI;ARB
IBTL;BIBL;FDCE;IWY;PVAL;USCA;ARP
IBTM;BILD;FDCF;IXC;PWB;USCF;BTAL
IBTO;BINV;FDD;IXG;PWER;USCL;CBLS
ICLO;BIS;FDEC;IXJ;PWV;USD;CLSE
ICSH;BITQ;FDEM;IXN;PXE;USEP;CTA
ICVT;BIZD;FDEV;IXP;PXF;USMC;DALT
IEF;BJAN;FDFF;IXUS;PXH;USMF;DBEH
IEI;BJK;FDG;IYC;PXI;USMV;DBMF
IG;BJUL;FDGR;IYE;PXJ;USNZ;EQLS
IGBH;BJUN;FDHT;IYF;PY;USPX;EVNT
IGEB;BKCH;FDIF;IYG;PYPY;USRD;FAAR
IGHG;BKCI;FDIG;IYH;PYZ;USRT;FFLS
IGIB;BKEM;FDIS;IYJ;QABA;USSE;FIAX
IGLB;BKF;FDIV;IYK;QARP;USSG;FLSP
IGOV;BKGI;FDL;IYM;QAT;USVM;FMF
IGSB;BKIE;FDLO;IYR;QCLN;USVT;FTLS
IHY;BKIV;FDLS;IYT;QCLR;USXF;HDG
IHYF;BKLC;FDM;IYW;QDEC;UTES;HF
IIGD;BKMC;FDMO;IYY;QDEF;UTRN;HFND
ILTB;BKSE;FDN;IYZ;QDF;UTSL;HYKE
IMSI;BKWO;FDNI;IZRL;QDIV;UWM;KMLM
IMTB;BLCN;FDRR;JAND;QDTE;UXI;LALT
INMU;BLCR;FDRV;JANH;QEFA;UYG;LBAY
IPPP;BLCV;FDT;JANJ;QEMM;UYM;LSEQ
IQHI;BLDG;FDTS;JANP;QFLR;VALQ;MARB
IRVH;BLES;FDTX;JANQ;QGRO;VAMO;MNA
ISDB;BLKC;FDV;JANT;QGRW;VAW;MRGR
ISHG;BLLD;FDVL;JANW;QID;VB;OAIA
ISTB;BLOK;FDVV;JANZ;QINT;VBK;OAIB
ITM;BMAR;FDWM;JAVA;QJUN;VBR;OAIE
IUSB;BMAY;FEBP;JCHI;QLC;VCAR;PFIX
IVOL;BMED;FEBT;JCTR;QLD;VCLN;PRMN
JAAA;BMVP;FEBW;JDOC;QLTY;VCR;QAI
JBBB;BNE;FEBZ;JDST;QLV;VDC;QIS
JBND;BNGE;FEDM;JDVI;QLVD;VDE;RATE
JCPB;BNOV;FEEM;JEMA;QLVE;VEA;RINF
JCPI;BOAT;FELC;JEPI;QMAR;VEGI;RLY
JHCB;BOCT;FELG;JEPQ;QMID;VEGN;RPAR
JHMB;BOTZ;FELV;JEPY;QMOM;VERS;RSBT
JHMU;BOUT;FEM;JETS;QOWZ;VEU;RSST
JHPI;BPAY;FEMS;JFWD;QQEW;VFH;RYSE
JMBS;BRAZ;FENI;JGLO;QQH;VFLO;SVIX
JMHI;BRF;FENY;JGRO;QQJG;VFMF;SVOL
JMSI;BRNY;FEP;JHAC;QQMG;VFMO;SVXY
JMST;BRZU;FEPI;JHDV;QQQ;VFMV;THTA
JMUB;BSEP;FESM;JHEM;QQQA;VFQY;TPMN
JNK;BSMC;FEUS;JHID;QQQD;VFVA;TYA
JOJO;BSTP;FEUZ;JHMD;QQQE;VGK;UPAR
JPIB;BSVO;FEX;JHML;QQQI;VGSR;USE
JPIE;BTEC;FEZ;JHMM;QQQJ;VGT;UVIX
JPLD;BTEK;FFEB;JHSC;QQQM;VHT;UVXY
JPMB;BTHM;FFLC;JIG;QQQN;VICE;VIXM
JPST;BUFB;FFLG;JIRE;QQQS;VIDI;VIXY
JSCP;BUFC;FFLV;JIVE;QQQU;VIG;WEIX
JSI;BUFD;FFND;JMEE;QQQY;VIGI;WTMF
JUCY;BUFF;FFOG;JMOM;QQXT;VIOG;ZIVB
KBND;BUFG;FFSM;JNUG;QRFT;VIOO;WZRD
KDRN;BUFQ;FFTY;JOET;QRMI;VIOV;
KHYB;BUFR;FGD;JPAN;QSML;VIRS;
KORP;BUFT;FGM;JPEF;QSPT;VIS;
LDSF;BUFZ;FHLC;JPEM;QTAP;VLU;
LDUR;BUG;FICS;JPIN;QTEC;VLUE;
LEMB;BUL;FID;JPME;QTJA;VMAX;
LGOV;BULD;FIDI;JPMO;QTJL;VMOT;
LKOR;BUSA;FIDU;JPRE;QTOC;VNAM;
LMBS;BUYW;FILL;JPSE;QTR;VNM;
LONZ;BUYZ;FINE;JPSV;QTUM;VNMC;
LQD;BUZZ;FINX;JPUS;QUAL;VNQ;
LQDB;BWEB;FITE;JPXN;QUS;VNQI;
LQDH;BWTG;FIVA;JQUA;QUVU;VNSE;
LQDI;BYRE;FIVG;JRE;QVAL;VO;
LQDW;BZQ;FIW;JRNY;QVML;VOE;
LQIG;CACG;FIXT;JSMD;QVMM;VONE;
LSST;CAFG;FJAN;JSML;QVMS;VONG;
LTPZ;CALF;FJP;JSTC;QWLD;VONV;
MAGG;CAML;FJUL;JTEK;QYLD;VOO;
MBB;CAMX;FJUN;JULD;QYLE;VOOG;
MBBB;CANC;FKU;JULH;QYLG;VOOV;
MBND;CAPE;FLAU;JULJ;RAFE;VOT;
MBNE;CARK;FLAX;JULQ;RAYC;VOTE;
MBS;CARZ;FLBR;JULT;RAYD;VOX;
MBSD;CATH;FLCA;JULW;RAYE;VPL;
MBSF;CBSE;FLCH;JULZ;RAYS;VPN;
MEAR;CCMG;FLDZ;JUNT;RBLD;VPU;
MFLX;CCOR;FLEE;JUNW;RDIV;VRAI;
MGOV;CCSO;FLEU;JUNZ;RDOG;VSDA;
MIG;CDC;FLGB;JUST;RDVI;VSGX;
MINN;CDEI;FLGR;JVAL;RDVY;VSLU;
MINO;CDL;FLHK;JXI;REAI;VSMV;
MINT;CEFA;FLIN;KALL;RECS;VSS;
MLN;CFA;FLJH;KAPR;REET;VT;
MMCA;CFCV;FLJJ;KARS;REGL;VTHR;
MMIN;CFO;FLJP;KBA;REIT;VTI;
MMIT;CGDG;FLKR;KBE;REK;VTV;
MNBD;CGDV;FLLA;KBUF;REM;VTWG;
MSTI;CGGO;FLLV;KBUY;REMX;VTWO;
MTBA;CGGR;FLMX;KBWB;RETL;VTWV;
MTGP;CGIE;FLN;KBWD;REVS;VUG;
MUB;CGRO;FLOW;KBWP;REW;VUSE;
MUNI;CGUS;FLQL;KBWR;REZ;VV;
MUSI;CGV;FLQM;KBWY;RFDA;VWID;
MUST;CGW;FLQS;KCAL;RFDI;VWO;
NCPB;CGXU;FLRG;KCE;RFEM;VXF;
NEAR;CHAT;FLSA;KDIV;RFEU;VXUS;
NFLT;CHAU;FLSW;KEM;RFFC;VYM;
NPFI;CHGX;FLTW;KEMQ;RFG;VYMI;
NUAG;CHIQ;FLV;KEMX;RFV;WANT;
NUBD;CHPS;FM;KFVG;RHRX;WBAT;
NUHY;CIBR;FMAG;KGRN;RIET;WBIF;
NUSA;CID;FMAR;KGRO;RINC;WBIG;
NUSB;CIL;FMAT;KIE;RING;WBIL;
NYF;CIZ;FMAY;KJAN;RITA;WBIY;
OACP;CLDL;FMCX;KJUL;RJMG;WCBR;
OBIL;CLIA;FMDE;KLDW;RNEM;WCEO;
OBND;CLIX;FMED;KLIP;RNEW;WCLD;
OPER;CLNR;FMET;KLNE;RNMC;WDIV;
OVB;CLOD;FMQQ;KLXY;RNRG;WDNA;
OVM;CLOU;FNCL;KNCT;RNSC;WEBL;
OVT;CN;FNDA;KNG;RNWZ;WEBS;
OWNS;CNBS;FNDB;KNGS;ROAM;WEED;
PAAA;CNCR;FNDC;KNGZ;ROBO;WFH;
PAB;CNRG;FNDE;KOCG;ROBT;WGMI;
PBTP;CNXT;FNDF;KOCT;RODE;WINN;
PCRB;CNYA;FNDX;KOIN;RODM;WISE;
PCY;COAL;FNGG;KOKU;ROE;WLDR;
PFF;CONL;FNK;KOMP;ROKT;WNDY;
PFFA;CONY;FNOV;KONG;ROM;WOMN;
PFFD;COPJ;FNX;KORU;ROOF;WOOD;
PFFR;COPP;FNY;KPOP;ROSC;WPS;
PFFV;COPX;FOCT;KPRO;ROUS;WRND;
PFIG;COWG;FOVL;KRE;ROYA;WTAI;
PFLD;COWS;FPA;KRMA;RPG;WTRE;
PFRL;COWZ;FPAG;KROP;RPHS;WTV;
PFXF;CPAI;FPRO;KRUZ;RPV;WUGI;
PGF;CQQQ;FPX;KSA;RSEE;WWJD;
PGHY;CRAK;FPXE;KSEA;RSHO;XAR;
PGX;CRBN;FPXI;KSTR;RSP;XAUG;
PHB;CRED;FQAL;KTEC;RSPC;XBAP;
PHYD;CRIT;FRDM;KURE;RSPD;XBI;
PHYL;CRPT;FREL;KVLE;RSPE;XBJA;
PICB;CRTC;FRI;KWEB;RSPF;XBJL;
PIFI;CRUZ;FRNW;KWT;RSPG;XBOC;
PQDI;CSA;FRTY;KXI;RSPH;XC;
PREF;CSB;FSEP;LABD;RSPM;XCEM;
PRFD;CSD;FSMD;LABU;RSPN;XCLR;
PSDM;CSF;FSST;LBO;RSPR;XCOR;
PSH;CSM;FSTA;LCF;RSPS;XDAP;
PSK;CSMD;FSZ;LCG;RSPT;XDAT;
PST;CSML;FTA;LCLG;RSPU;XDEC;
PTBD;CTEC;FTAG;LCTD;RTH;XDJA;
PTRB;CTEX;FTC;LCTU;RUFF;XDJL;
PULS;CURE;FTCS;LDEM;RUNN;XDOC;
PULT;CUT;FTDS;LEAD;RVRB;XDQQ;
PVI;CVAR;FTEC;LEGR;RWJ;XDSQ;
PWZ;CVIE;FTGS;LFEQ;RWK;XDTE;
PYLD;CVLC;FTHF;LGH;RWL;XES;
PZA;CVMC;FTHI;LGHT;RWM;XFEB;
PZT;CVRD;FTIF;LGLV;RWO;XHB;
QCON;CVSE;FTQI;LGLZ;RWR;XHE;
QLTA;CWEB;FTRI;LGRO;RWX;XHS;
QPFF;CWI;FTWO;LIT;RXD;XIDE;
RAVI;CWS;FTXG;LITP;RXI;XISE;
RDFI;CXSE;FTXH;LJAN;RXL;XITK;
RFCI;CZA;FTXL;LNGG;RYJ;XJAN;
RHCB;CZAR;FTXN;LNGZ;RYLD;XJH;
RIGS;DAPP;FTXO;LOCT;RYLG;XJR;
RISR;DAPR;FTXR;LOPP;RZG;XJUL;
RMIF;DARP;FUNL;LOUP;RZV;XJUN;
RTAI;DAT;FUTY;LOWV;SAA;XLB;
RVNU;DAUG;FV;LQAI;SAEF;XLC;
SBND;DAX;FVAL;LRGC;SAGP;XLE;
SCHI;DBAW;FVC;LRGE;SAMT;XLF;
SCHJ;DBEF;FVD;LRGF;SANE;XLG;
SCHO;DBEM;FWD;LRND;SARK;XLI;
SCHP;DBEU;FXD;LRNZ;SATO;XLK;
SCHQ;DBEZ;FXG;LSAF;SAUG;XLP;
SCHR;DBGR;FXH;LSAT;SBB;XLRE;
SCHZ;DBJP;FXI;LSGR;SBIO;XLSR;
SCIO;DCOR;FXL;LTL;SCAP;XLU;
SCMB;DDEC;FXN;LUX;SCC;XLV;
SCRD;DDIV;FXO;LUXX;SCHA;XLY;
SCYB;DDLS;FXP;LVHD;SCHB;XMAR;
SDCP;DDM;FXR;LVHI;SCHC;XME;
SOXS;SQQQ;SPY;TQQQ;SOXL;FXI;
XLF;QQQ;TLT;IWM;HYG;LQD;EEM
UVXY;SPXU;SPXS;GDX;BITO;KWEB
TNA;TZA;EWZ;SH;QID;SLV;GBTC
PSQ;XLE;XLU;LABD;TSLL;KRE;EFA
ARKK;VXX;XLP;XBI;BOIL;NVDL;VEA
IEMG;VWO;SDOW;JDST;XLI;TECS;EWJ
IEF;AGG;SMH;SPLG;GOVT;TMF;IEFA
XLV;MSOS;VCIT;BKLN;SDS;YINN;UNG
BND;BITI;XLRE;IJH;SPXL;GLD;BIL
GDXJ;XLK;UPRO;IYR;EMB;XRT;RSP
XLC;IAU;IVV;USHY;XLB;UVIX;JNK
VOO;VCSH;VNQ;BNDX;SHY;MCHI;PFF
XLY;IJR;SPTL;USO;INDA;SPIB;DUST
SOXX;ACWI;SJNK;VIXY



