A;ATXI;CCU;DIOD;FPI;HZO;LIVE;NFE;PLUR;SGC;TNL;WSR
AA;ATXS;CDAQ;DIS;FR;IAC;LIVN;NFG;PLUS;SGD;TNON;WST
AACG;AU;CDE;DISA;FRAF;IAG;LIXT;NFGC;PLX;SGE;TNP;WT
AACI;AUB;CDIO;DIST;FRBA;IART;LKCO;NFLX;PLXS;SGH;TNXP;WTBA
AACT;AUBN;CDLR;DIT;FRD;IAS;LKFN;NFYS;PLYA;SGHC;TNYA;WTFC
AADI;AUDC;CDLX;DJCO;FREE;IAUX;LKQ;NG;PLYM;SGHT;TOI;WTI
AAGR;AUGX;CDMO;DK;FRES;IBCP;LL;NGD;PM;SGLY;TOL;WTM
AAL;AUID;CDNA;DKL;FREY;IBEX;LLAP;NGG;PMCB;SGMA;TOMZ;WTMA
AAMC;AULT;CDNS;DKNG;FRGE;IBIO;LLY;NGL;PMD;SGML;TOON;WTO
AAME;AUMN;CDP;DKS;FRGT;IBKR;LLYVA;NGM;PMEC;SGMO;TOP;WTRG
AAN;AUPH;CDRE;DLA;FRHC;IBM;LLYVK;NGMS;PMGM;SGMT;TOPS;WTS
AAOI;AUR;CDRO;DLB;FRLA;IBN;LMAT;NGNE;PMN;SGN;TORO;WTTR
AAON;AURA;CDT;DLHC;FRME;IBOC;LMB;NGS;PMNT;SGRP;TOST;WTW
AAP;AUST;CDTX;DLNG;FRO;IBP;LMFA;NGVC;PMT;SGRY;TOUR;WU
AAPL;AUTL;CDW;DLO;FROG;IBRX;LMND;NGVT;PMTS;SGU;TOVX;WULF
AAT;AUUD;CDXC;DLPN;FRPH;IBTX;LMNR;NHC;PMVP;SHAK;TOWN;WVE
AAU;AUVI;CDXS;DLR;FRPT;ICAD;LMT;NHI;PNBK;SHBI;TPB;WVVI
AB;AVA;CDZI;DLTH;FRSH;ICCC;LNC;NHTC;PNC;SHC;TPC;WW
ABAT;AVAH;CE;DLTR;FRST;ICCH;LND;NI;PNFP;SHCO;TPET;WWD
ABBV;AVAL;CEAD;DLX;FRSX;ICCM;LNG;NIC;PNM;SHCR;TPG;WWR
ABCB;AVAV;CECO;DM;FRT;ICCT;LNKB;NICE;PNNT;SHEL;TPH;WWW
ABCL;AVB;CEG;DMAC;FRZA;ICD;LNN;NICK;PNR;SHEN;TPHS;WY
ABEO;AVBP;CEI;DMLP;FSBC;ICE;LNSR;NINE;PNRG;SHFS;TPIC;WYNN
ABEV;AVD;CEIX;DMRC;FSBW;ICFI;LNT;NIO;PNST;SHG;TPL;WYY
ABG;AVDL;CELC;DMTK;FSEA;ICG;LNTH;NISN;PNTG;SHIM;TPR;X
ABIO;AVDX;CELH;DMYY;FSFG;ICHR;LNW;NITO;PNW;SHIP;TPST;XAIR
ABL;AVGO;CELU;DNA;FSI;ICL;LNZA;NIU;POAI;SHLS;TPVG;XBIO
ABLV;AVGR;CELZ;DNB;FSK;ICLK;LOAN;NJR;POCI;SHLT;TPX;XBIT
ABM;AVHI;CENN;DNLI;FSLR;ICLR;LOB;NKE;PODC;SHO;TR;XBP
ABNB;AVIR;CENT;DNMR;FSLY;ICMB;LOCL;NKGN;PODD;SHOO;TRAK;XCUR
ABOS;AVNS;CENTA;DNN;FSM;ICU;LOCO;NKLA;POET;SHOP;TRC;XEL
ABR;AVNT;CENX;DNOW;FSP;ICUI;LODE;NKSH;POLA;SHOT;TRDA;XELA
ABSI;AVNW;CEPU;DNTH;FSR;IDA;LOGI;NKTR;POOL;SHPH;TREE;XELB
ABT;AVO;CERE;DNUT;FSS;IDAI;LOMA;NKTX;POR;SHPW;TREX;XENE
ABTS;AVPT;CERO;DO;FSTR;IDCC;LOOP;NL;PORT;SHW;TRGP;XERS
ABUS;AVRO;CERS;DOC;FSV;IDEX;LOPE;NLOP;POST;SHYF;TRI;XFIN
ABVC;AVT;CERT;DOCN;FTAI;IDN;LOT;NLSP;POWI;SIBN;TRIB;XFOR
ABVX;AVTE;CET;DOCS;FTCI;IDR;LOVE;NLY;POWL;SID;TRIN;XGN
AC;AVTR;CETU;DOCU;FTDR;IDT;LOW;NMFC;POWW;SIDU;TRIP;XHR
ACA;AVTX;CETX;DOGZ;FTEK;IDXX;LPCN;NMG;PPBI;SIEB;TRIS;XIN
ACAB;AVXL;CEVA;DOLE;FTEL;IDYA;LPG;NMHI;PPBT;SIF;TRMB;XLO
ACAC;AVY;CF;DOMA;FTFT;IE;LPL;NMIH;PPC;SIFY;TRMD;XMTR
ACAD;AWH;CFB;DOMH;FTHM;IEP;LPLA;NMM;PPG;SIG;TRMK;XNCR
ACB;AWI;CFBK;DOMO;FTI;IESC;LPRO;NMR;PPHP;SIGA;TRML;XNET
ACBA;AWIN;CFFI;DOOO;FTII;IEX;LPSN;NMRA;PPIH;SIGI;TRN;XOM
ACCD;AWK;CFFN;DOOR;FTK;IFBD;LPTH;NMRK;PPL;SII;TRNO;XOMA
ACCO;AWR;CFFS;DORM;FTLF;IFF;LPTV;NMTC;PPSI;SILC;TRNR;XOS
ACDC;AWRE;CFG;DOUG;FTNT;IFIN;LPTX;NN;PPTA;SILK;TRNS;XP
ACEL;AWX;CFLT;DOV;FTRE;IFRX;LPX;NNAG;PPYA;SILO;TRON;XPEL
ACET;AX;CFR;DOW;FTS;IFS;LQDA;NNBR;PR;SILV;TROO;XPER
ACGL;AXDX;CFSB;DOX;FTV;IGC;LQDT;NNDM;PRA;SIM;TROW;XPEV
ACHC;AXGN;CG;DOYU;FUBO;IGIC;LQR;NNI;PRAA;SIMO;TROX;XPL
ACHL;AXIL;CGA;DPCS;FUFU;IGMS;LRCX;NNN;PRAX;SINT;TRP;XPO
ACHR;AXL;CGAU;DPRO;FUL;IGT;LRE;NNOX;PRCH;SIRI;TRS;XPOF
ACHV;AXNX;CGBD;DPSI;FULC;IGTA;LRFC;NNVC;PRCT;SISI;TRST;XPON
ACI;AXON;CGC;DPZ;FULT;IH;LRHC;NOA;PRDO;SITC;TRT;XPRO
ACIC;AXP;CGEM;DQ;FUN;IHG;LRMR;NOAH;PRE;SITE;TRTL;XRAY
ACIU;AXR;CGEN;DRCT;FUNC;IHRT;LRN;NOC;PRFT;SITM;TRTX;XRTX
ACIW;AXS;CGNT;DRD;FURY;IHS;LSAK;NODK;PRFX;SIX;TRU;XRX
ACLS;AXSM;CGNX;DRH;FUSB;IHT;LSBK;NOG;PRG;SJ;TRUE;XTIA
ACLX;AXTA;CGON;DRI;FUSN;III;LSCC;NOK;PRGO;SJM;TRUG;XTKG
ACM;AXTI;CGTX;DRIO;FUTU;IIIN;LSDI;NOMD;PRGS;SJT;TRUP;XTLB
ACMR;AY;CHAA;DRMA;FUV;IIIV;LSEA;NOTE;PRI;SJW;TRV;XTNT
ACN;AYI;CHCI;DRQ;FVCB;IINN;LSF;NOTV;PRIM;SKE;TRVG;XWEL
ACNB;AYRO;CHCO;DRRX;FVRR;IIPR;LSPD;NOV;PRK;SKGR;TRVI;XXII
ACNT;AYTU;CHCT;DRS;FWBI;IKNA;LSTA;NOVA;PRKS;SKIL;TRVN;XYF
ACON;AYX;CHD;DRTS;FWONA;IKT;LSTR;NOVT;PRLB;SKIN;TRX;XYL
ACOR;AZ;CHDN;DRUG;FWONK;ILAG;LSXMA;NOVV;PRLD;SKLZ;TS;YALA
ACR;AZEK;CHE;DRVN;FWRD;ILMN;LSXMB;NOW;PRLH;SKM;TSAT;YCBD
ACRE;AZN;CHEF;DSAQ;FWRG;ILPT;LSXMK;NPAB;PRM;SKT;TSBK;YELP
ACRS;AZO;CHEK;DSGN;FXNC;IMAB;LTBR;NPCE;PRME;SKWD;TSBX;YETI
ACRV;AZPN;CHGG;DSGR;FYBR;IMAQ;LTC;NPK;PRMW;SKX;TSCO;YEXT
ACST;AZTA;CHH;DSGX;G;IMAX;LTH;NPO;PRO;SKY;TSE;YGF
ACT;AZTR;CHK;DSKE;GABC;IMCC;LTRN;NPWR;PROC;SKYH;TSEM;YGMZ
ACTG;AZUL;CHKP;DSP;GAIA;IMCR;LTRX;NR;PROF;SKYT;TSHA;YHGJ
ACU;AZZ;CHMG;DSS;GAIN;IMKTA;LTRY;NRBO;PROK;SKYW;TSLA;YI
ACVA;B;CHMI;DSWL;GALT;IMMP;LU;NRC;PROP;SKYX;TSLX;YIBO
ACXP;BA;CHNR;DSX;GAMB;IMMR;LUCD;NRDS;PROV;SLAB;TSM;YJ
ADAG;BABA;CHPT;DT;GAMC;IMMX;LUCY;NRDY;PRPH;SLAM;TSN;YMAB
ADAP;BAC;CHR;DTC;GAME;IMNM;LULU;NREF;PRPL;SLB;TSQ;YMM
ADBE;BACA;CHRD;DTCK;GAN;IMNN;LUMN;NRG;PRPO;SLCA;TSRI;YORW
ADC;BACK;CHRO;DTE;GANX;IMO;LUMO;NRGV;PRQR;SLDB;TSVT;YOSH
ADCT;BAER;CHRS;DTI;GAQ;IMOS;LUNA;NRIM;PRSO;SLDP;TT;YOTA
ADD;BAFN;CHRW;DTIL;GASS;IMPP;LUNG;NRIX;PRST;SLE;TTC;YOU
ADEA;BAH;CHSN;DTM;GATE;IMRN;LUNR;NRP;PRT;SLF;TTD;YPF
ADI;BAK;CHT;DTSS;GATO;IMRX;LUV;NRSN;PRTA;SLG;TTE;YQ
ADIL;BALL;CHTR;DTST;GATX;IMTE;LUXH;NRT;PRTC;SLGL;TTEC;YRD
ADM;BALY;CHUY;DUET;GAU;IMTX;LVLU;NRXP;PRTG;SLGN;TTEK;YS
ADMA;BAM;CHWY;DUK;GB;IMUX;LVO;NRXS;PRTH;SLI;TTGT;YSG
ADN;BANC;CHX;DUO;GBBK;IMVT;LVRO;NS;PRTS;SLM;TTI;YTEN
ADNT;BAND;CI;DUOL;GBCI;IMXI;LVS;NSA;PRU;SLN;TTMI;YTRA
ADOC;BANF;CIA;DUOT;GBDC;INAB;LVTX;NSC;PRVA;SLNA;TTNP;YUM
ADP;BANL;CIB;DV;GBIO;INAQ;LVWR;NSIT;PRZO;SLND;TTOO;YUMC
ADPT;BANR;CIEN;DVA;GBLI;INBK;LW;NSP;PSA;SLNG;TTSH;YY
ADRT;BANX;CIFR;DVAX;GBNY;INBS;LWAY;NSPR;PSBD;SLNH;TTWO;Z
ADSE;BAOS;CIG;DVN;GBR;INBX;LWLG;NSSC;PSEC;SLNO;TU;ZAPP
ADSK;BAP;CIGI;DWAC;GBTG;INCR;LX;NSTS;PSFE;SLP;TUP;ZBH
ADT;BARK;CIM;DWSN;GBX;INCY;LXEH;NSYS;PSHG;SLQT;TURB;ZBRA
ADTH;BASE;CINF;DX;GCBC;INDB;LXEO;NTAP;PSMT;SLRC;TURN;ZCAR
ADTN;BATL;CING;DXC;GCI;INDI;LXFR;NTB;PSN;SLRN;TUSK;ZCMD
ADTX;BATRA;CINT;DXCM;GCMG;INDO;LXP;NTBL;PSNL;SLRX;TUYA;ZD
ADUS;BATRK;CIO;DXF;GCO;INDP;LXRX;NTCT;PSNY;SLS;TV;ZDGE
ADV;BAX;CION;DXLG;GCT;INDV;LXU;NTES;PSO;SLVM;TVGN;ZENV
ADVM;BAYA;CISO;DXPE;GCTK;INFA;LYB;NTGR;PSQH;SM;TVTX;ZEO
ADXN;BB;CISS;DXR;GD;INFN;LYEL;NTIC;PSTG;SMAR;TW;ZEPP
AE;BBAI;CITE;DXYN;GDC;INFU;LYFT;NTIP;PSTL;SMBC;TWI;ZETA
AEAE;BBAR;CIVB;DY;GDDY;INFY;LYG;NTLA;PSTV;SMBK;TWIN;ZEUS
AEE;BBCP;CIVI;DYAI;GDEN;ING;LYRA;NTNX;PSTX;SMCI;TWKS;ZFOX
AEG;BBD;CIX;DYCQ;GDEV;INGN;LYT;NTR;PSX;SMFG;TWLO;ZG
AEHL;BBDC;CJET;DYN;GDHG;INGR;LYTS;NTRA;PT;SMG;TWLV;ZGN
AEHR;BBDO;CJJD;DYNT;GDOT;INHD;LYV;NTRB;PTC;SMID;TWO;ZH
AEI;BBGI;CKPT;DZSI;GDRX;INKT;LZ;NTRP;PTCT;SMLP;TWOA;ZI
AEIS;BBIO;CKX;E;GDS;INLX;LZB;NTRS;PTEN;SMLR;TWOU;ZIM
AEL;BBLG;CL;EA;GDST;INM;LZM;NTST;PTGX;SMMF;TWST;ZIMV
AEM;BBSI;CLAR;EAF;GDTC;INMB;M;NTWK;PTIX;SMMT;TX;ZION
AEMD;BBU;CLB;EARN;GDYN;INMD;MA;NTZ;PTLO;SMP;TXG;ZIP
AENT;BBUC;CLBK;EAST;GE;INN;MAA;NU;PTMN;SMPL;TXMD;ZJYL
AEO;BBVA;CLBR;EAT;GECC;INNV;MAC;NUE;PTN;SMR;TXN;ZKH
AEON;BBW;CLBT;EB;GEF;INO;MACA;NUKK;PTON;SMRT;TXO;ZKIN
AEP;BBWI;CLCO;EBAY;GEF.B;INOD;MACK;NURO;PTPI;SMSI;TXRH;ZLAB
AER;BBY;CLDI;EBC;GEG;INSE;MAG;NUS;PTSI;SMTC;TXT;ZLS
AERT;BC;CLDT;EBF;GEHC;INSG;MAIA;NUTX;PTVE;SMTI;TYG;ZM
AES;BCAB;CLDX;EBMT;GEL;INSM;MAIN;NUVB;PTWO;SMWB;TYGO;ZNTL
AESI;BCAL;CLEU;EBON;GEN;INSP;MAMA;NUVL;PUBM;SMX;TYL;ZOM
AEVA;BCAN;CLF;EBR;GENC;INST;MAN;NUWE;PUCK;SMXT;TYRA;ZS
AEYE;BCBP;CLFD;EBS;GENE;INSW;MANH;NUZE;PUK;SN;TZOO;ZTEK
AEZS;BCC;CLGN;EBTC;GENI;INTA;MANU;NVAC;PULM;SNA;U;ZTO
AFAR;BCDA;CLH;EC;GENK;INTC;MAPS;NVAX;PUMP;SNAL;UA;ZTS
AFBI;BCE;CLIR;ECBK;GEO;INTE;MAQC;NVCR;PVBC;SNAP;UAA;ZUMZ
AFCG;BCEL;CLLS;ECDA;GEOS;INTG;MAR;NVCT;PVH;SNAX;UAL;ZUO
AFG;BCH;CLMB;ECL;GERN;INTJ;MARA;NVDA;PVL;SNBR;UAMY;ZURA
AFIB;BCLI;CLMT;ECO;GES;INTR;MARPS;NVEC;PW;SNCR;UAN;ZVIA
AFJK;BCML;CLNE;ECOR;GETR;INTS;MARX;NVEE;PWFL;SNCY;UAVS;ZVRA
AFL;BCO;CLNN;ECPG;GETY;INTT;MAS;NVEI;PWM;SND;UBCP;ZVSA
AFMD;BCOV;CLOE;ECVT;GEVO;INTU;MASI;NVFY;PWOD;SNDA;UBER;ZWS
AFRI;BCOW;CLOV;ECX;GFAI;INTZ;MASS;NVGS;PWP;SNDL;UBFO;ZYME
AFRM;BCPC;CLPR;ED;GFF;INUV;MAT;NVMI;PWR;SNDR;UBS;ZYXI
AFYA;BCRX;CLPS;EDAP;GFI;INVA;MATH;NVNI;PWSC;SNDX;UBSI;
AG;BCS;CLPT;EDBL;GFL;INVE;MATV;NVNO;PWUP;SNES;UBX;
AGAE;BCSA;CLRB;EDIT;GFR;INVH;MATW;NVO;PX;SNEX;UCAR;
AGBA;BCSF;CLRC;EDN;GFS;INVO;MATX;NVOS;PXD;SNFCA;UCBI;
AGCO;BCTX;CLRO;EDR;GGAL;INVZ;MAX;NVR;PXDT;SNGX;UCL;
AGE;BCYC;CLS;EDRY;GGB;INZY;MAXN;NVRI;PXLW;SNN;UCTT;
AGEN;BDC;CLSD;EDSA;GGE;IOBT;MAYS;NVRO;PXMD;SNOA;UDMY;
AGFY;BDL;CLSK;EDTK;GGG;IONM;MBC;NVS;PXS;SNOW;UDR;
AGI;BDN;CLST;EDU;GGR;IONQ;MBCN;NVST;PYCR;SNPO;UE;
AGIO;BDRX;CLVR;EDUC;GH;IONR;MBI;NVT;PYPD;SNPS;UEC;
AGL;BDSX;CLVT;EE;GHC;IONS;MBIN;NVTS;PYPL;SNPX;UEIC;
AGM;BDTX;CLW;EEFT;GHG;IOR;MBIO;NVVE;PYXS;SNSE;UFCS;
AGM.A;BDX;CLWT;EEIQ;GHI;IOSP;MBLY;NVX;PZG;SNT;UFI;
AGMH;BE;CLX;EEX;GHIX;IOT;MBOT;NWBI;PZZA;SNTG;UFPI;
AGNC;BEAM;CM;EFC;GHLD;IOVA;MBRX;NWE;QBTS;SNTI;UFPT;
AGO;BEAT;CMA;EFOI;GHM;IP;MBTC;NWFL;QCOM;SNV;UG;
AGR;BECN;CMAX;EFSC;GHRS;IPA;MBUU;NWG;QCRH;SNX;UGI;
AGRI;BEDU;CMBM;EFSH;GHSI;IPAR;MBWM;NWGL;QD;SNY;UGP;
AGRO;BEEM;CMC;EFTR;GIB;IPDN;MC;NWL;QDEL;SO;UGRO;
AGRX;BEEP;CMCA;EFX;GIC;IPG;MCAA;NWLI;QDRO;SOAR;UHAL;
AGS;BEKE;CMCL;EFXT;GIFI;IPGP;MCAC;NWN;QETA;SOBR;UHAL.B;
AGTI;BELFA;CMCM;EG;GIGM;IPHA;MCAF;NWPX;QFIN;SOC;UHG;
AGX;BELFB;CMCO;EGAN;GIII;IPI;MCAG;NWS;QGEN;SOFI;UHS;
AGYS;BEN;CMCSA;EGBN;GIL;IPSC;MCB;NWSA;QH;SOGP;UHT;
AHCO;BENF;CMCT;EGHT;GILD;IPW;MCBC;NWTN;QIPT;SOHO;UI;
AHG;BEP;CME;EGIO;GILT;IPWR;MCBS;NX;QLGN;SOHU;UIS;
AHH;BEPC;CMG;EGLE;GIPR;IPX;MCD;NXE;QLI;SOI;UK;
AHI;BERY;CMI;EGO;GIS;IPXX;mcem;NXGL;QLYS;SOL;UL;
AHR;BEST;CMLS;EGOX;GKOS;IQ;MCFT;NXL;QMCO;SOLO;ULBI;
AHT;BETR;CMMB;EGP;GL;IQV;MCHP;NXPI;QNCX;SON;ULCC;
AI;BF.A;CMND;EGRX;GLAC;IR;MCHX;NXPL;QNRX;SOND;ULH;
AIB;BF.B;CMP;EGY;GLAD;IRAA;MCK;NXRT;QNST;SONM;ULTA;
AIG;BFAC;CMPO;EH;GLBE;IRBT;MCO;NXST;QOMO;SONN;ULY;
AIH;BFAM;CMPR;EHAB;GLBS;IRDM;MCRB;NXT;QRHC;SONO;UMAC;
AIHS;BFC;CMPS;EHC;GLBZ;IREN;MCRI;NXTC;QRTEA;SONY;UMBF;
AIM;BFH;CMPX;EHTH;GLDD;IRIX;MCS;NXTP;QRTEB;SOPA;UMC;
AIMAU;BFI;CMRE;EIG;GLDG;IRM;MCVT;NXU;QRVO;SOPH;UMH;
AIMD;BFIN;CMRX;EIGR;GLLI;IRMD;MCW;NYAX;QS;SOS;UNB;
AIN;BFLY;CMS;EIX;GLMD;IROH;MCY;NYC;QSG;SOTK;UNCY;
AINC;BFRG;CMT;EJH;GLNG;IRON;MD;NYCB;QSI;SOUN;UNF;
AIP;BFRI;CMTG;EKSO;GLOB;IROQ;MDAI;NYMT;QSR;SP;UNFI;
AIR;BFS;CMTL;EL;GLP;IRS;MDB;NYT;QTI;SPB;UNH;
AIRC;BFST;CNA;ELA;GLPG;IRT;MDBH;NYXH;QTRX;SPCB;UNIT;
AIRE;BG;CNC;ELAB;GLPI;IRTC;MDC;O;QTWO;SPCE;UNM;
AIRG;BGC;CNDA;ELAN;GLRE;IRWD;MDGL;OABI;QUAD;SPEC;UNP;
AIRI;BGFV;CNDB;ELBM;GLSI;ISDR;MDGS;OAKU;QUBT;SPFI;UNTY;
AIRJ;BGI;CNDT;ELDN;GLST;ISPC;MDIA;OB;QUIK;SPG;UONE;
AIRS;BGNE;CNET;ELEV;GLT;ISPO;MDJH;OBDC;QURE;SPGC;UONEK;
AIRT;BGS;CNEY;ELF;GLTO;ISPR;MDLZ;OBDE;R;SPGI;UP;
AISP;BGSF;CNF;ELLO;GLUE;ISRG;MDRR;OBE;RACE;SPH;UPBD;
AIT;BGXX;CNFR;ELMD;GLW;ISRL;MDT;OBIO;RACY;SPHR;UPC;
AITR;BH;CNGL;ELME;GLYC;ISSC;MDU;OBK;RAIL;SPI;UPLD;
AIU;BH.A;CNHI;ELP;GM;ISTR;MDV;OBLG;RAMP;SPIR;UPS;
AIV;BHAC;CNI;ELPC;GMAB;ISUN;MDWD;OBT;RAND;SPKL;UPST;
AIXI;BHAT;CNK;ELS;GMDA;IT;MDXG;OC;RANI;SPLP;UPWK;
AIZ;BHB;CNM;ELSE;GME;ITCI;MDXH;OCAX;RAPT;SPNS;UPXI;
AJG;BHC;CNMD;ELTK;GMED;ITGR;ME;OCC;RARE;SPNT;URBN;
AJX;BHE;CNNE;ELTX;GMFI;ITI;MEC;OCEA;RAVE;SPOK;URG;
AKA;BHF;CNO;ELUT;GMGI;ITIC;MED;OCFC;RAYA;SPOT;URGN;
AKAM;BHIL;CNOB;ELV;GMM;ITOS;MEDP;OCFT;RBA;SPPL;URI;
AKAN;BHLB;CNP;ELVA;GMRE;ITP;MEDS;OCG;RBB;SPR;UROY;
AKBA;BHM;CNQ;ELVN;GMS;ITRG;MEG;OCGN;RBBN;SPRB;USAC;
AKLI;BHP;CNS;ELWS;GNE;ITRI;MEGL;OCN;RBC;SPRC;USAP;
AKO.A;BHR;CNSL;ELYM;GNFT;ITRM;MEI;OCS;RBCAA;SPRO;USAS;
AKO.B;BHRB;CNSP;EM;GNK;ITRN;MEIP;OCSL;RBKB;SPRU;USAU;
AKR;BHVN;CNTA;EMBC;GNL;ITT;MELI;OCTO;RBLX;SPRY;USB;
AKRO;BIAF;CNTB;EMCG;GNLN;ITUB;MEOH;OCUL;RBOT;SPSC;USCB;
AKTS;BIDU;CNTG;EME;GNLX;ITW;MERC;OCUP;RBT;SPT;USCT;
AKTX;BIG;CNTX;EMKR;GNPX;IVA;MESA;OCX;RC;SPTN;USEA;
AKYA;BIGC;CNTY;EML;GNRC;IVAC;MESO;ODC;RCAT;SPWH;USEG;
AL;BIIB;CNVS;EMLD;GNS;IVCA;MET;ODD;RCEL;SPWR;USFD;
ALAR;BILI;CNX;EMN;GNSS;IVCB;META;ODFL;RCFA;SPXC;USGO;
ALB;BILL;CNXA;EMR;GNTA;IVCP;METC;ODP;RCI;SQ;USIO;
ALBT;BIMI;CNXC;EMX;GNTX;IVDA;METCB;ODV;RCKT;SQFT;USLM;
ALC;BIO;CNXN;ENB;GNTY;IVP;MFA;OEC;RCKY;SQM;USM;
ALCC;BIO.B;COCH;ENFN;GNW;IVR;MFC;OESX;RCL;SQNS;USNA;
ALCE;BIOL;COCO;ENG;GO;IVT;MFG;OFG;RCM;SQSP;USPH;
ALCO;BIOR;COCP;ENGN;GOCO;IVVD;MFH;OFIX;RCMT;SR;UTHR;
ALCY;BIOX;CODA;ENIC;GODN;IVZ;MFIC;OFLX;RCON;SRAD;UTI;
ALDX;BIP;CODI;ENLC;GOEV;IX;MFIN;OFS;RCRT;SRBK;UTL;
ALE;BIPC;CODX;ENLT;GOGL;IXAQ;MG;OGE;RCUS;SRCE;UTMD;
ALEC;BIRD;COE;ENLV;GOGO;IXHL;MGA;OGEN;RDCM;SRCL;UTSI;
ALEX;BIRK;COEP;ENOV;GOLD;IZEA;MGAM;OGI;RDFN;SRDX;UTZ;
ALG;BITE;COF;ENPH;GOLF;IZM;MGEE;OGN;RDHL;SRE;UUU;
ALGM;BITF;COFS;ENR;GOOD;J;MGIC;OGS;RDI;SRFM;UUUU;
ALGN;BIVI;COGT;ENS;GOOG;JACK;MGIH;OHI;RDIB;SRG;UVE;
ALGS;BJ;COHN;ENSC;GOOGL;JAGX;MGLD;OI;RDN;SRI;UVSP;
ALGT;BJDX;COHR;ENSG;GOOS;JAKK;MGM;OII;RDNT;SRL;UVV;
ALHC;BJRI;COHU;ENSV;GORO;JAMF;MGNI;OIS;RDUS;SRM;UWMC;
ALIM;BK;COIN;ENTA;GORV;JAN;MGNX;OKE;RDVT;SRPT;UXIN;
ALIT;BKCC;COKE;ENTG;GOSS;JANX;MGOL;OKTA;RDW;SRRK;V;
ALK;BKD;COLB;ENTX;GOTU;JAZZ;MGPI;OKYO;RDWR;SRTS;VABK;
ALKS;BKE;COLD;ENV;GOVX;JBGS;MGRC;OLB;RDY;SRZN;VAC;
ALKT;BKH;COLL;ENVA;GP;JBHT;MGRM;OLED;RDZN;SSB;VAL;
ALL;BKKT;COLM;ENVB;GPAC;JBI;MGRX;OLK;REAL;SSBI;VALE;
ALLE;BKNG;COMM;ENVX;GPAK;JBL;MGTX;OLLI;REAX;SSBK;VALN;
ALLG;BKR;COMP;ENZ;GPC;JBLU;MGX;OLMA;REBN;SSD;VALU;
ALLK;BKSY;CONN;EOG;GPCR;JBSS;MGY;OLN;REE;SSIC;VANI;
ALLO;BKTI;CONX;EOLS;GPI;JBT;MGYR;OLO;REFI;SSKN;VATE;
ALLR;BKU;COO;EOSE;GPK;JCI;MHH;OLP;REFR;SSL;VAXX;
ALLT;BKYI;COOK;EP;GPMT;JCSE;MHK;OLPX;REG;SSNC;VBFC;
ALLY;BL;COOL;EPAC;GPN;JCTCF;MHLD;OM;REGN;SSNT;VBIV;
ALNT;BLAC;COOP;EPAM;GPOR;JD;MHO;OMAB;REI;SSP;VBNK;
ALNY;BLBD;COP;EPC;GPRE;JEF;MHUA;OMC;REKR;SSRM;VBTX;
ALOT;BLBX;COR;EPD;GPRK;JELD;MI;OMCL;RELI;SSSS;VC;
ALPN;BLCO;CORT;EPIX;GPRO;JEWL;MICS;OMER;RELL;SST;VCEL;
ALPP;BLD;CORZ;EPM;GPS;JFBR;MIDD;OMEX;RELX;SSTI;VCIG;
ALRM;BLDE;COSM;EPOW;GRAB;JFIN;MIGI;OMF;RELY;SSTK;VCNX;
ALRN;BLDP;COST;EPR;GRBK;JFU;MIMO;OMGA;RENB;SSY;VCSA;
ALRS;BLDR;COTY;EPRT;GRC;JG;MIND;OMH;RENE;SSYS;VCTR;
ALSA;BLEU;COUR;EPSN;GRDI;JHG;MINM;OMI;RENT;ST;VCXB;
ALSN;BLFS;COYA;EQ;GREE;JHX;MIR;OMIC;REPL;STAA;VCYT;
ALT;BLFY;CP;EQBK;GRFS;JILL;MIRA;OMQS;REPX;STAF;VECO;
ALTG;BLIN;CPA;EQC;GRFX;JJSF;MIRM;ON;RERE;STAG;VEEE;
ALTI;BLK;CPAC;EQH;GRI;JKHY;MIST;ONB;RES;STBA;VEEV;
ALTM;BLKB;CPB;EQIX;GRIN;JKS;MITA;ONCO;RETO;STBX;VEL;
ALTO;BLMN;CPBI;EQNR;GRMN;JL;MITK;ONCT;REVB;STC;VEON;
ALTR;BLND;CPE;EQR;GRND;JLL;MITQ;ONCY;REVG;STCN;VERA;
ALUR;BLNK;CPF;EQS;GRNQ;JMIA;MITT;ONDS;REX;STE;VERB;
ALV;BLRX;CPG;EQT;GRNT;JMSB;MIXT;ONEW;REXR;STEL;VERI;
ALVO;BLTE;CPHC;EQX;GROM;JNJ;MKC;ONFO;REYN;STEM;VERO;
ALVR;BLUA;CPHI;ERAS;GROV;JNPR;MKC.V;ONL;REZI;STEP;VERU;
ALX;BLUE;CPIX;ERF;GROW;JNVR;MKFG;ONMD;RF;STER;VERV;
ALXO;BLX;CPK;ERIC;GROY;JOAN;MKL;ONON;RFAC;STG;VERX;
ALZN;BLZE;CPLP;ERIE;GRPH;JOB;MKSI;ONTF;RFIL;STGW;VERY;
AM;BMA;CPNG;ERII;GRPN;JOBY;MKTW;ONTO;RFL;STHO;VET;
AMAL;BMBL;CPOP;ERJ;GRRR;JOE;MKTX;ONTX;RGA;STI;VEV;
AMAT;BMEA;CPRI;ERNA;GRTS;JOUT;ML;ONVO;RGC;STIM;VFC;
AMBA;BMI;CPRT;ERO;GRTX;JPM;MLAB;ONYX;RGCO;STIX;VFF;
AMBC;BMO;CPRX;ES;GRVY;JRSH;MLCO;OOMA;RGEN;STKH;VFS;
AMBI;BMR;CPS;ESAB;GRWG;JRVR;MLEC;OP;RGF;STKL;VGAS;
AMBO;BMRA;CPSH;ESBA;GRYP;JSPR;MLGO;OPAD;RGLD;STKS;VGR;
AMBP;BMRC;CPSS;ESCA;GS;JTAI;MLI;OPAL;RGLS;STLA;VGZ;
AMC;BMRN;CPT;ESE;GSAT;JVA;MLKN;OPBK;RGNX;STLD;VHAI;
AMCR;BMTX;CPTN;ESEA;GSBC;JVSA;MLM;OPCH;RGP;STM;VHC;
AMCX;BMY;CQP;ESGL;GSBD;JWEL;MLNK;OPEN;RGR;STN;VHI;
AMD;BN;CR;ESGR;GSHD;JWN;MLP;OPFI;RGS;STNE;VIA;
AME;BNAI;CRAI;ESHA;GSIT;JWSM;MLR;OPGN;RGTI;STNG;VIAO;
AMED;BNED;CRBG;ESI;GSIW;JXJT;MLSS;OPHC;RH;STOK;VIAV;
AMG;BNGO;CRBP;ESLA;GSK;JXN;MLTX;OPI;RHE;STR;VICI;
AMGN;BNIX;CRBU;ESLT;GSL;JYD;MLYS;OPK;RHI;STRA;VICR;
AMH;BNL;CRC;ESNT;GSM;JYNT;MMAT;OPOF;RHP;STRC;VIEW;
AMIX;BNOX;CRCT;ESOA;GSUN;JZ;MMC;OPRA;RICK;STRL;VIGL;
AMK;BNR;CRD.A;ESP;GT;JZXN;MMI;OPRT;RIG;STRM;VINC;
AMKR;BNRE;CRD.B;ESPR;GTAC;K;MMLP;OPRX;RIGL;STRO;VINE;
AMLI;BNRE.A;CRDF;ESQ;GTBP;KA;MMM;OPT;RILY;STRR;VINO;
AMLX;BNRG;CRDL;ESRT;GTE;KACL;MMS;OPTN;RIO;STRS;VINP;
AMN;BNS;CRDO;ESS;GTEC;KAI;MMSI;OPTT;RIOT;STRT;VIOT;
AMNB;BNTC;CREG;ESSA;GTES;KALA;MMV;OPTX;RITM;STRW;VIPS;
AMP;BNTX;CRESY;ESTA;GTH;KALU;MMYT;OPXS;RIVN;STSS;VIR;
AMPE;BNZI;CREV;ESTC;GTHX;KALV;MNDO;OPY;RJF;STT;VIRC;
AMPG;BOC;CREX;ET;GTI;KAMN;MNDY;OR;RKDA;STTK;VIRI;
AMPH;BOCN;CRGO;ETAO;GTIM;KAR;MNKD;ORA;RKLB;STVN;VIRT;
AMPL;BODI;CRGX;ETD;GTLB;KARO;MNMD;ORAN;RKT;STWD;VIRX;
AMPS;BOF;CRGY;ETN;GTLS;KAVL;MNOV;ORC;RL;STX;VISL;
AMPX;BOH;CRH;ETNB;GTN;KB;MNPR;ORCL;RLAY;STXS;VIST;
AMPY;BOKF;CRI;ETON;GTN.A;KBH;MNR;ORGN;RLGT;STZ;VITL;
AMR;BOLT;CRIS;ETR;GTX;KBR;MNRO;ORGO;RLI;SU;VIV;
AMRC;BON;CRK;ETRN;GTY;KC;MNSB;ORGS;RLJ;SUGP;VIVK;
AMRK;BOOM;CRKN;ETSY;GURE;KCGI;MNSO;ORI;RLMD;SUI;VJET;
AMRN;BOOT;CRL;ETWO;GUTS;KD;MNST;ORIC;RLX;SUM;VKTX;
AMRX;BORR;CRM;EU;GV;KDP;MNTK;ORLA;RLYB;SUN;VLCN;
AMS;BOSC;CRMD;EUDA;GVA;KE;MNTN;ORLY;RM;SUP;VLD;
AMSC;BOTJ;CRML;EURN;GVH;KELYA;MNTS;ORMP;RMAX;SUPN;VLGEA;
AMSF;BOWL;CRMT;EVA;GVP;KELYB;MNTX;ORN;RMBI;SUPV;VLN;
AMST;BOWN;CRNC;EVAX;GWAV;KEN;MNY;ORRF;RMBL;SURG;VLO;
AMSWA;BOX;CRNT;EVBG;GWH;KEP;MO;OSA;RMBS;SUZ;VLRS;
AMT;BOXL;CRNX;EVBN;GWRE;KEQU;MOB;OSBC;RMCF;SVC;VLTO;
AMTB;BP;CRON;EVC;GWRS;KEX;MOBX;OSCR;RMCO;SVII;VLY;
AMTD;BPMC;CROX;EVCM;GWW;KEY;MOD;OSG;RMD;SVM;VMAR;
AMTX;BPOP;CRS;EVE;GXAI;KEYS;MODD;OSI;RMGC;SVMH;VMC;
AMWD;BPRN;CRSP;EVER;GXO;KFFB;MODG;OSIS;RMNI;SVRA;VMCA;
AMWL;BPT;CRSR;EVEX;GYRE;KFRC;MODN;OSK;RMR;SVRE;VMD;
AMX;BPTH;CRT;EVGN;GYRO;KFS;MODV;OSPN;RMTI;SVT;VMEO;
AMZN;BPTS;CRTO;EVGO;H;KFY;MOFG;OSS;RNA;SVV;VMI;
AN;BQ;CRUS;EVGR;HA;KGC;MOG.A;OST;RNAC;SWAG;VNCE;
ANAB;BR;CRVL;EVH;HAE;KGEI;MOG.B;OSUR;RNAZ;SWAV;VNDA;
ANDE;BRAC;CRVO;EVI;HAFC;KGS;MOGO;OSW;RNG;SWBI;VNET;
ANEB;BRAG;CRVS;EVLV;HAIA;KHC;MOGU;OTEC;RNGR;SWI;VNO;
ANET;BRBR;CRWD;EVO;HAIN;KIDS;MOH;OTEX;RNLX;SWIM;VNOM;
ANF;BRBS;CRWS;EVOK;HAL;KIM;MOLN;OTIS;RNR;SWIN;VNRX;
ANGH;BRC;CSAN;EVR;HALO;KIND;MOMO;OTLK;RNST;SWK;VNT;
ANGI;BRCC;CSBR;EVRG;HAO;KINS;MOND;OTLY;RNW;SWKH;VOC;
ANGO;BRDG;CSCO;EVRI;HAS;KIQ;MOR;OTRK;RNXT;SWKS;VOD;
ANIK;BREA;CSGP;EVTC;HASI;KIRK;MORF;OTTR;ROAD;SWN;VOR;
ANIP;BREZ;CSGS;EVTL;HAYN;KITT;MORN;OUST;ROCK;SWSS;VOXR;
ANIX;BRFH;CSIQ;EVTV;HAYW;KKR;MOS;OUT;ROCL;SWTX;VOXX;
ANL;BRFS;CSL;EW;HBAN;KLAC;MOTS;OVBC;ROG;SWVL;VOYA;
ANNX;BRID;CSLM;EWBC;HBB;KLG;MOV;OVID;ROIC;SWX;VPG;
ANRO;BRK.A;CSLR;EWCZ;HBCP;KLIC;MOVE;OVLY;ROIV;SXC;VRA;
ANSC;BRK.B;CSPI;EWTX;HBI;KLTR;MP;OVV;ROK;SXI;VRAR;
ANSS;BRKH;CSR;EXAI;HBIO;KLXE;MPAA;OWL;ROKU;SXT;VRAX;
ANTE;BRKL;CSSE;EXAS;HBM;KMB;MPB;OWLT;ROL;SXTC;VRCA;
ANTX;BRKR;CSTE;EXC;HBNC;KMDA;MPC;OXBR;ROMA;SXTP;VRDN;
ANVS;BRLS;CSTL;EXEL;HBT;KMI;MPLN;OXM;ROOT;SY;VRE;
ANY;BRLT;CSTM;EXFY;HCA;KMPR;MPLX;OXSQ;ROP;SYBT;VREX;
AOGO;BRN;CSTR;EXK;HCAT;KMT;MPTI;OXY;ROSS;SYBX;VRM;
AOMR;BRNS;CSV;EXLS;HCC;KMX;MPU;OZ;ROST;SYF;VRME;
AON;BRO;CSWC;EXP;HCI;KN;MPW;OZK;RPAY;SYK;VRNA;
AONC;BROG;CSWI;EXPD;HCKT;KNDI;MPWR;PAA;RPD;SYM;VRNS;
AORT;BROS;CSX;EXPE;HCM;KNF;MPX;PAAS;RPHM;SYNA;VRNT;
AOS;BRP;CTAS;EXPI;HCMA;KNOP;MQ;PAC;RPID;SYNX;VRPX;
AOSL;BRSH;CTBI;EXPO;HCP;KNSA;MRAI;PACB;RPM;SYPR;VRRM;
AOUT;BRSP;CTCX;EXR;HCSG;KNSL;MRAM;PACK;RPRX;SYRA;VRSK;
AP;BRT;CTGO;EXTO;HCTI;KNTE;MRBK;PAG;RPTX;SYRE;VRSN;
APA;BRTX;CTHR;EXTR;HCVI;KNTK;MRC;PAGP;RR;SYRS;VRT;
APAC;BRX;CTKB;EYE;HCWB;KNW;MRCC;PAGS;RRAC;SYT;VRTS;
APAM;BRY;CTLP;EYEN;HD;KNX;MRCY;PAHC;RRBI;SYTA;VRTX;
APCA;BRZE;CTLT;EYPT;HDB;KO;MRDB;PALI;RRC;SYY;VS;
APCX;BSAC;CTM;EZFL;HDSN;KOD;MREO;PALT;RRGB;T;VSAC;
APD;BSBK;CTMX;EZGO;HE;KODK;MRIN;PAM;RRR;TAC;VSAT;
APDN;BSBR;CTNT;EZPW;HEAR;KOF;MRK;PANL;RRX;TACT;VSCO;
APEI;BSET;CTO;F;HEES;KOP;MRKR;PANW;RS;TAIT;VSEC;
APG;BSFC;CTOS;FA;HEI;KOPN;MRM;PAPL;RSG;TAK;VSH;
APGE;BSGM;CTRA;FAF;HEI.A;KORE;MRNA;PAR;RSI;TAL;VSME;
APH;BSIG;CTRE;FAMI;HELE;KOS;MRNS;PARA;RSKD;TALK;VST;
API;BSM;CTRM;FANG;HEPA;KOSS;MRO;PARAA;RSLS;TALO;VSTA;
APLD;BSRR;CTRN;FANH;HEPS;KPLT;MRSN;PARR;RSSS;TANH;VSTE;
APLE;BSVN;CTS;FARM;HES;KPRX;MRT;PASG;RSVR;TAOP;VSTM;
APLM;BSX;CTSH;FARO;HESM;KPTI;MRTN;PATH;RTC;TAP;VSTO;
APLS;BSY;CTSO;FAST;HFBL;KR;MRUS;PATK;RTO;TAP.A;VSTS;
APLT;BTAI;CTV;FAT;HFFG;KRC;MRVI;PAVM;RTX;TARA;VTAK;
APM;BTBD;CTVA;FATBB;HFWA;KREF;MRVL;PAVS;RUM;TARO;VTEX;
APO;BTBT;CTXR;FATE;HG;KRG;MS;PAX;RUN;TARS;VTGN;
APOG;BTCM;CUBE;FATH;HGAS;KRKR;MSA;PAY;RUSHA;TASK;VTLE;
APP;BTCS;CUBI;FAZE;HGBL;KRMD;MSAI;PAYC;RUSHB;TAST;VTMX;
APPF;BTCT;CUE;FBIN;HGTY;KRNL;MSB;PAYO;RVLV;TATT;VTNR;
APPN;BTCY;CUK;FBIO;HGV;KRNT;MSBI;PAYS;RVMD;TAYD;VTOL;
APPS;BTDR;CULL;FBIZ;HHGC;KRNY;MSC;PAYX;RVNC;TBBB;VTR;
APRE;BTE;CULP;FBK;HHH;KRO;MSCI;PB;RVP;TBBK;VTRS;
APT;BTG;CURI;FBLG;HHS;KRON;MSDL;PBA;RVPH;TBI;VTRU;
APTO;BTI;CURV;FBMS;HI;KROS;MSEX;PBBK;RVSB;TBIO;VTS;
APTV;BTM;CUTR;FBNC;HIBB;KRP;MSFT;PBF;RVSN;TBLA;VTSI;
APVO;BTMD;CUZ;FBP;HIFS;KRRO;MSGE;PBFS;RVTY;TBLT;VTVT;
APWC;BTOG;CVAC;FBRT;HIG;KRT;MSGM;PBH;RVYL;TBMC;VTYX;
APXI;BTSG;CVBF;FBRX;HIHO;KRUS;MSGS;PBHC;RWAY;TBNK;VUZI;
APYX;BTTR;CVCO;FBYD;HII;KRYS;MSI;PBI;RWOD;TBPH;VVI;
AQB;BTU;CVCY;FC;HIMS;KSCP;MSM;PBM;RWT;TBRG;VVOS;
AQMS;BUD;CVE;FCAP;HIMX;KSPI;MSN;PBPB;RXO;TC;VVPR;
AQN;BUJA;CVEO;FCBC;HIPO;KSS;MSS;PBR;RXRX;TCBC;VVV;
AQST;BUR;CVGI;FCCO;HITI;KT;MSSA;PBR.A;RXST;TCBI;VVX;
AQU;BURL;CVGW;FCEL;HIVE;KTB;MSTR;PBT;RXT;TCBK;VWE;
AR;BURU;CVI;FCF;HIW;KTCC;MT;PBYI;RY;TCBP;VXRT;
ARAY;BUSE;CVII;FCFS;HKD;KTOS;MTA;PCAR;RYAAY;TCBS;VYGR;
ARBB;BV;CVKD;FCN;HKIT;KTRA;MTAL;PCB;RYAM;TCBX;VYNE;
ARBE;BVN;CVLG;FCNCA;HL;KTTA;MTB;PCG;RYAN;TCI;VYX;
ARBK;BVS;CVLT;FCNCO;HLF;KUKE;MTBL;PCH;RYDE;TCJH;VZ;
ARC;BW;CVLY;FCPT;HLI;KULR;MTC;PCOR;RYI;TCMD;VZIO;
ARCB;BWA;CVM;FCUV;HLIO;KURA;MTCH;PCRX;RYN;TCN;VZLA;
ARCC;BWAQ;CVNA;FCX;HLIT;KVAC;MTD;PCSA;RYTM;TCOA;W;
ARCH;BWAY;CVR;FDBC;HLLY;KVHI;MTDR;PCT;RZLT;TCOM;WAB;
ARCO;BWB;CVRX;FDMT;HLMN;KVUE;MTEK;PCTY;S;TCON;WABC;
ARCT;BWEN;CVS;FDP;HLN;KVYO;MTEM;PCVX;SA;TCPC;WAFD;
ARDX;BWFG;CVU;FDS;HLNE;KW;MTEX;PCYO;SABR;TCRT;WAFU;
ARE;BWMN;CVV;FDUS;HLP;KWE;MTG;PD;SABS;TCRX;WAL;
AREB;BWMX;CVX;FDX;HLT;KWR;MTH;PDCO;SACH;TCS;WALD;
AREC;BWXT;CW;FE;HLTH;KXIN;MTLS;PDD;SAFE;TCTM;WASH;
AREN;BX;CWAN;FEAM;HLVX;KYCH;MTN;PDEX;SAFT;TCX;WAT;
ARES;BXC;CWBC;FEBO;HLX;KYMR;MTNB;PDFS;SAGA;TD;WATT;
ARGX;BXMT;CWCO;FEDU;HLXB;KYTX;MTR;PDLB;SAGE;TDC;WAVD;
ARHS;BXP;CWD;FEIM;HMC;KZIA;MTRN;PDM;SAH;TDCX;WAVE;
ARI;BY;CWEN;FELE;HMN;KZR;MTRX;PDS;SAI;TDG;WAVS;
ARIS;BYD;CWEN.A;FEMY;HMNF;L;MTSI;PDSB;SAIA;TDOC;WB;
ARKO;BYFC;CWH;FENC;HMST;LAAC;MTTR;PEB;SAIC;TDS;WBA;
ARKR;BYND;CWK;FENG;HMY;LAB;MTUS;PEBK;SAM;TDUP;WBD;
ARL;BYNO;CWST;FERG;HNI;LABP;MTW;PEBO;SAMG;TDW;WBS;
ARLO;BYON;CWT;FET;HNNA;LAC;MTX;PECO;SAN;TDY;WBUY;
ARLP;BYRN;CX;FEXD;HNRA;LAD;MTZ;PED;SANA;TEAM;WBX;
ARM;BYSI;CXAI;FF;HNRG;LADR;MU;PEG;SAND;TECH;WCC;
ARMK;BYU;CXDO;FFBC;HNST;LAES;MUFG;PEGA;SANG;TECK;WCN;
ARMN;BZ;CXM;FFIC;HNVR;LAKE;MULN;PEGR;SANM;TEF;WD;
ARMP;BZFD;CXT;FFIE;HOFT;LAMR;MUR;PEGY;SANW;TEL;WDAY;
AROC;BZH;CXW;FFIN;HOFV;LANC;MURA;PEN;SAP;TELA;WDC;
AROW;BZUN;CYBN;FFIV;HOG;LAND;MUSA;PENN;SAR;TELL;WDFC;
ARQ;C;CYBR;FFNW;HOLI;LANV;MUX;PEP;SASR;TELO;WDH;
ARQQ;CAAP;CYCC;FFWM;HOLO;LARK;MVBF;PEPG;SATL;TENB;WDS;
ARQT;CAAS;CYCN;FG;HOLX;LASE;MVIS;PEPL;SATS;TENK;WEAV;
ARR;CABA;CYD;FGBI;HOMB;LASR;MVLA;PERF;SATX;TENX;WEC;
ARRW;CABO;CYH;FGEN;HON;LATG;MVST;PERI;SAVA;TEO;WEL;
ARRY;CAC;CYN;FGF;HONE;LAUR;MWA;PESI;SAVE;TER;WELL;
ARTL;CACC;CYRX;FGI;HOOD;LAW;MWG;PET;SB;TERN;WEN;
ARTNA;CACI;CYTH;FHB;HOOK;LAZ;MX;PETQ;SBAC;TETE;WERN;
ARTW;CACO;CYTK;FHI;HOPE;LAZR;MXC;PETS;SBCF;TEVA;WES;
ARVN;CADE;CYTO;FHLT;HOTH;LBAI;MXCT;PETV;SBET;TEX;WEST;
ARW;CADL;CZFS;FHN;HOUR;LBPH;MXL;PETZ;SBEV;TFC;WETG;
ARWR;CAE;CZNC;FHTX;HOUS;LBRDA;MYE;PEV;SBFG;TFFP;WETH;
ARYD;CAG;CZOO;FI;HOV;LBRDK;MYFW;PFBC;SBFM;TFII;WEX;
AS;CAH;CZR;FIAC;HOVR;LBRT;MYGN;PFC;SBGI;TFIN;WEYS;
ASA;CAKE;CZWI;FIBK;HOWL;LBTYA;MYMD;PFE;SBH;TFPM;WF;
ASAI;CAL;D;FICO;HP;LBTYB;MYNA;PFG;SBLK;TFSL;WFC;
ASAN;CALB;DAC;FIGS;HPCO;LBTYK;MYND;PFGC;SBOW;TFX;WFCF;
ASB;CALM;DADA;FIHL;HPE;LC;MYNZ;PFIE;SBR;TG;WFG;
ASC;CALT;DAIO;FINV;HPH;LCAA;MYO;PFIS;SBRA;TGAA;WFRD;
ASCA;CALX;DAKT;FINW;HPK;LCFY;MYPS;PFLT;SBS;TGAN;WGO;
ASCB;CAMP;DAL;FIP;HPP;LCID;MYRG;PFMT;SBSI;TGB;WGS;
ASGN;CAMT;DALN;FIS;HPQ;LCII;MYSZ;PFS;SBSW;TGI;WH;
ASH;CAN;DAN;FISI;HQI;LCNB;MYTE;PFSI;SBT;TGL;WHD;
ASIX;CANF;DAO;FITB;HQY;LCTX;NA;PFTA;SBUX;TGLS;WHF;
ASLE;CANG;DAR;FIVE;HR;LCUT;NAAS;PFX;SBXC;TGNA;WHG;
ASLN;CAPL;DARE;FIVN;HRB;LCW;NABL;PG;SCCO;TGS;WHLM;
ASM;CAPR;DASH;FIX;HRI;LDI;NAII;PGC;SCHL;TGT;WHLR;
ASMB;CAPT;DATS;FIXX;HRL;LDOS;NAK;PGEN;SCHW;TGTX;WHR;
ASML;CAR;DAVA;FIZZ;HRMY;LDTC;NAMS;PGNY;SCI;TGVC;WILC;
ASND;CARA;DAVE;FKWL;HROW;LDWY;NAOV;PGR;SCKT;TH;WIMI;
ASNS;CARE;DAWN;FL;HRT;LE;NAPA;PGRE;SCL;THAR;WINA;
ASO;CARG;DAY;FLEX;HRTG;LEA;NARI;PGRU;SCLX;THC;WING;
ASPI;CARM;DB;FLFV;HRTX;LECO;NAT;PGSS;SCM;THCH;WINT;
ASPN;CARR;DBD;FLGC;HRYU;LEDS;NATH;PGTI;SCNI;THCP;WINV;
ASPS;CARS;DBGI;FLGT;HRZN;LEE;NATL;PGY;SCOR;THFF;WIRE;
ASR;CART;DBI;FLIC;HSAI;LEG;NATR;PH;SCPH;THG;WISA;
ASRT;CARV;DBRG;FLJ;HSBC;LEGH;NAUT;PHAR;SCPX;THM;WISH;
ASRV;CASA;DBVT;FLL;HSCS;LEGN;NAVI;PHAT;SCRM;THMO;WIT;
ASST;CASH;DBX;FLNC;HSDT;LEGT;NB;PHG;SCS;THO;WIX;
ASTC;CASI;DC;FLNG;HSHP;LEJU;NBBK;PHGE;SCSC;THR;WK;
ASTE;CASS;DCBO;FLNT;HSIC;LEN;NBHC;PHI;SCTL;THRD;WKC;
ASTH;CASY;DCFC;FLO;HSII;LEN.B;NBIX;PHIN;SCVL;THRM;WKEY;
ASTI;CAT;DCGO;FLR;HSON;LESL;NBN;PHIO;SCWO;THRY;WKHS;
ASTL;CATC;DCI;FLS;HSPO;LEU;NBR;PHM;SCWX;THS;WKME;
ASTR;CATO;DCO;FLT;HST;LEV;NBSE;PHR;SCX;THTX;WKSP;
ASTS;CATX;DCOM;FLUT;HSTM;LEVI;NBST;PHUN;SCYX;TIGO;WLDN;
ASUR;CATY;DCPH;FLUX;HSY;LEXX;NBTB;PHVS;SD;TIGR;WLDS;
ASX;CAUD;DCTH;FLWS;HTBI;LFCR;NBTX;PHX;SDA;TIL;WLFC;
ASXC;CAVA;DD;FLXS;HTBK;LFLY;NBY;PHYT;SDGR;TILE;WLGS;
ASYS;CB;DDC;FLYW;HTCR;LFMD;NC;PI;SDHC;TIMB;WLK;
ATAI;CBAN;DDD;FLYX;HTGC;LFST;NCDL;PII;SDIG;TIPT;WLKP;
ATAT;CBAT;DDI;FMAO;HTH;LFT;NCL;PIII;SDOT;TIRX;WLY;
ATCH;CBAY;DDL;FMBH;HTHT;LFUS;NCLH;PIK;SDPI;TISI;WLYB;
ATEC;CBD;DDOG;FMC;HTLD;LFVN;NCMI;PINC;SDRL;TITN;WM;
ATEK;CBFV;DDS;FMNB;HTLF;LFWD;NCNA;PINE;SE;TIVC;WMB;
ATEN;CBL;DE;FMS;HTOO;LGCB;NCNC;PINS;SEAT;TIXT;WMG;
ATER;CBNK;DEA;FMX;HTZ;LGCL;NCNO;PIPR;SEB;TJX;WMK;
ATEX;CBOE;DEC;FN;HUBB;LGF.A;NCPL;PIRS;SECO;TK;WMPN;
ATGE;CBRE;DECA;FNA;HUBC;LGF.B;NCRA;PIXY;SEDA;TKC;WMS;
ATGL;CBRG;DECK;FNB;HUBG;LGHL;NCSM;PJT;SEDG;TKLF;WMT;
ATHA;CBRL;DEI;FNCB;HUBS;LGIH;NCTY;PK;SEE;TKNO;WNC;
ATHE;CBSH;DELL;FNCH;HUDA;LGL;NDAQ;PKBK;SEED;TKO;WNEB;
ATHM;CBT;DENN;FND;HUDI;LGMK;NDLS;PKE;SEEL;TKR;WNNR;
ATI;CBU;DEO;FNF;HUGE;LGND;NDRA;PKG;SEER;TLF;WNS;
ATIF;CBUS;DERM;FNGR;HUIZ;LGO;NDSN;PKOH;SEIC;TLGY;WNW;
ATIP;CBZ;DESP;FNKO;HUM;LGVC;NE;PKX;SELF;TLIS;WOLF;
ATKR;CC;DFH;FNLC;HUMA;LGVN;NECB;PL;SELX;TLK;WOOF;
ATLC;CCAP;DFIN;FNV;HUN;LH;NEE;PLAB;SEM;TLPH;WOR;
ATLO;CCB;DFLI;FNVT;HURC;LHX;NEGG;PLAG;SEMR;TLRY;WORX;
ATLX;CCBG;DFS;FNWB;HURN;LI;NEM;PLAO;SENEA;TLS;WOW;
ATMC;CCCC;DG;FNWD;HUSA;LIBY;NEN;PLAY;SENEB;TLSA;WPC;
ATMU;CCCS;DGHI;FOA;HUT;LICN;NEO;PLBC;SENS;TLSI;WPM;
ATMV;CCEL;DGICA;FOLD;HUYA;LICY;NEOG;PLBY;SEPA;TLYS;WPP;
ATNF;CCEP;DGICB;FONR;HVT;LIDR;NEON;PLCE;SERA;TM;WPRT;
ATNI;CCG;DGII;FOR;HVT.A;LIFE;NEOV;PLD;SES;TMC;WRAP;
ATNM;CCI;DGLY;FORA;HWBK;LIFW;NEP;PLG;SEVN;TMCI;WRB;
ATO;CCJ;DGX;FORD;HWC;LII;NEPH;PLL;SEZL;TMDX;WRBY;
ATOM;CCK;DH;FORL;HWH;LILA;NERV;PLMI;SF;TME;WRK;
ATOS;CCL;DHAC;FORM;HWKN;LILAK;NET;PLMJ;SFBC;TMHC;WRLD;
ATPC;CCLD;DHAI;FORR;HWM;LILM;NETD;PLMR;SFBS;TMO;WRN;
ATR;CCLP;DHC;FORTY;HXL;LIN;NEU;PLNT;SFIX;TMP;WRNT;
ATRA;CCM;DHI;FOSL;HY;LINC;NEUE;PLOW;SFL;TMQ;WS;
ATRC;CCNE;DHIL;FOUR;HYAC;LIND;NEWP;PLPC;SFM;TMTC;WSBC;
ATRI;CCO;DHR;FOX;HYFM;LINK;NEWT;PLRX;SFNC;TMUS;WSBF;
ATRO;CCOI;DHT;FOXA;HYLN;LIPO;NEXA;PLSE;SFST;TNC;WSC;
ATS;CCRD;DHX;FOXF;HYMC;LIQT;NEXI;PLTK;SFWL;TNDM;WSFS;
ATSG;CCRN;DIBS;FOXO;HYPR;LITB;NEXN;PLTN;SG;TNET;WSM;
ATUS;CCS;DIN;FPAY;HYW;LITE;NEXT;PLTR;SGA;TNGX;WSO;
ATXG;CCSI;DINO;FPH;HYZN;LITM;NFBK;PLUG;SGBX;TNK;WSO.B;
AAV;AOI;AEM;AC;AGI;ASTL;AQN;ATD;AP.UN;ALA;AIF;ARX
ATZ;ACO.X;ATH;ATS;BTO;BDGI;BLDP;BMO;BNS;ABX;BHC;BTE
BCE;BIR;BB;BEI.UN;BBD.B;BLX;BYD;BAM;BBU.UN;BN;BIP.UN;BEP.UN
DOO;CAE;CCO;GOOS;CAR.UN;CM;CNR;CNQ;CP;CTC.A;CU;CWB
CFP;CPX;CS;CJT;CCL.B;CLS;CVE;CG;GIB.A;CSH.UN;CHP.UN;CIX
CCA;CIGI;CSU;CPG;CRR.UN;CRT.UN;DFY;DML;DSG;DOL;DIR.UN;DPM
ELD;EFN;EMA;EMP.A;ENB;EFR;ERF;ENGH;EQB;EQX;ERO;EIF
FFH;FIL;FTT;FCR.UN;FR;FM;FSV;FTS;FVI;FNV;FRU;WN
GFL;GEI;GIL;GSY;GRT.UN;GWO;HR.UN;HWX;HBM;H;IAG;IMG
IGM;IMO;INE;IFC;IFP;IPCO;IIP.UN;IVN;JWEL;KNT;KEL;KEY
KMP.UN;KXS;K;LIF;LB;LSPD;LNR;LAAC;LAC;L;LUG;LUN
MAG;MG;MFC;MFI;MEG;MX;MRU;MTY;MTL;NGD;NXE;NWC
NPI;NWH.UN;NG;NTR;NVEI;NVA;OGC;ONEX;OTEX;OLA;OR;OSK
PAAS;POU;PXT;PKI;PSI;PPL;PET;PEY;POW;PSK;PD;PBH
PMZ.UN;PRMW;QBR.B;QSR;RCH;REI.UN;RCI.B;RY;RUS;SSL;SAP;SEA
SES;MATR;SHOP;SIA;SIL;ZZZ;SRU.UN;ATRL;TOY;SII;SSRM;STN
STLC;SJ;SVI;SLF;SU;SPB;TVE;TRP;TECK.B;T;TFII;TRI
TLRY;X;TPZ;TXG;TIH;TD;TOU;TA;TCL.A;TCN;TSU;VET
WCN;WDO;WFG;WTE;WPM;WCP;WPK;WSP;ADS.DE;ADYEN.AS;AD.AS;AI.PA
AIR.PA;ALV.DE;ABI.BR;ASML.AS;CS.PA;BAS.DE;BAYN.DE;BBVA.MC;SAN.MC;BMW.DE;BNP.PA;BN.PA
DB1.DE;DHL.DE;DTE.DE;ENEL.MI;ENI.MI;EL.PA;RACE.MI;FLTR.L;RMS.PA;IBE.MC;ITX.MC;IFX.DE
INGA.AS;ISP.MI;KER.PA;OR.PA;MC.PA;MBG.DE;MUV2.DE;NOKIA.HE;NDA-FI.HE;RI.PA;PRX.AS;SAF.PA
SGO.PA;SAN.PA;SAP.DE;SU.PA;SIE.DE;STLAM.MI;TTE.PA;DG.PA;UCG.MI;VOW.DE;AEM;AQN
BMO;BNS;BCE;BAM;BN;CAE;CCO;CM;CNQ;CP;CVE;DOL
ENB;FM;FSV;FTS;FNV;GIL;H;IMO;K;L;MG;MFC
NA;NTR;OTEX;PPL;QSR;RY;SAP;SHOP;SLF;SU;TRP;T
TRI;TD;WCN;WPM